age,female,baseline_BMI,baseline_HbA1c,T2D,diabetes_duration,drug,F_B_ratio,Akkermansia,Clostridium_ss1,Bifidobacterium,Bacteroides,Prevotella,Roseburia,Faecalibacterium,Blautia,Christensenellaceae,CDCA,CA,DCA,LCA,UDCA,TCA,GDCA,C4,%TBWL,responder
51.35188787729874,1.0,33.13821108238299,5.4874613386669155,0.0,0.0,0.0,1.109461063039363,-2.8600438642054318,-1.512480421547861,-1.4245829820824876,-0.7364772045836029,-1.8050734564242163,-0.9953030387485191,-0.7850332334968356,-1.045284899086173,-2.2289792625993585,2.980530218099508,2.402663874026277,2.0253399801311613,0.6655479042493759,1.617253879267998,3.8683127083746593,2.9395198811889944,1.4698303964146175,10.497790008843744,1
36.56017483135455,1.0,32.3274442857391,5.464895816394807,0.0,0.0,0.0,0.5835101291939676,-2.4914869252069205,-2.3882422841095146,-0.6201651990196972,-1.1480503985737012,-2.126652185612671,-1.6036197005714152,0.08814668041365259,-1.6991955454604069,-3.139540298950435,1.9329871782909707,2.3297503797889556,1.9150313759841968,0.8464045155936136,1.8903868631729497,1.9877887508219945,1.7261291747769922,1.3264174702996911,16.0230657655162,1
56.25496315387103,1.0,38.41750024238877,5.459987241198339,0.0,0.0,0.0,-0.3758544506094602,-2.6291444262247037,-3.202484672459101,-2.5522330385601837,-2.5732455195832844,-3.024234211933452,-2.5116428086859592,-2.920271755088817,-1.3756330565793815,-4.424211450480462,1.5988149478613611,2.6204191884451067,1.826541212720407,0.0931977601216254,1.516955383626158,1.4288667980472372,2.301029281755018,0.8761298218576508,6.364387858627768,1
58.34621188030335,1.0,41.156735298034036,5.537486760503315,0.0,0.0,0.0,1.0375549520225724,-2.902215591904028,-0.7538810702606187,-0.9435211336326352,-0.8872545331754909,-2.8195222129685096,-0.8522820294364473,-1.0986532613931586,-1.1528671362522054,-1.6912694300371036,3.4106505299040917,3.5333848762395466,2.053611401740364,0.6500910160266318,1.7180773984278819,2.2312055016219605,3.462928080423614,1.660808359149888,10.794092780179604,1
26.5386129248078,1.0,42.57466524570162,6.756061224616295,1.0,12.609535867441318,1.0,-0.19895109869596517,-2.7412173536033535,-1.5009587373459623,-1.276569809292777,-0.6631910308732974,-2.6675098263731276,-2.6841661919606405,-2.0465575314045568,-1.2852809053489045,-3.0738684730031722,2.8600512825099,2.567279425144112,2.0845550869874403,1.3414327755546052,2.514222526864534,2.9967326505877576,2.1387632721697636,2.3975580584726526,12.119884833114384,1
33.6760254245145,0.0,40.416635421776576,6.713089997246847,1.0,17.567981175976445,0.0,0.4599416628529811,-1.8002040125622945,-2.63646115026227,-1.9213108425096677,-0.4508952585872895,-2.9495449855627114,-0.5449907121343894,-0.49636658685619084,-0.9554737631604941,-1.4244129726719843,2.124310700608212,2.1792296264544366,0.36704458648928573,1.052757059307083,1.4370983297263769,2.2437997958979543,1.8012587063530947,0.694491864110767,4.4051930539170945,0
49.40624443484014,0.0,34.006196182664176,5.499212414423545,0.0,0.0,1.0,-0.7991162236881139,-3.025480751495645,-2.1560458634624813,-2.8143552702984733,-0.8673347424840877,-3.710586386863878,-1.5709352495343565,-0.9706660763978293,-1.533070781984276,-4.449276461001484,2.078251743901742,2.66599706766659,2.320877232935537,1.1402107193510318,2.316780085394958,2.6716686055481844,2.256360606901657,1.573976628178908,9.226733960886198,1
44.521331484220596,0.0,36.08724073361854,5.785360625260072,0.0,0.0,1.0,-0.37343481693282765,-2.447508645157481,-2.1456422703661047,-3.8659089748278888,-0.2162609670509496,-2.7627611148890416,-2.4060011263861645,-0.9314444116724134,-2.098381284698225,-3.646029222933989,1.4843681489036837,2.301721171596408,0.897602794615719,0.20165368578038778,0.2137650627367087,1.789362619504434,2.461532570532574,0.7013001798830314,4.281522246663503,0
47.81518726745282,1.0,37.9507029230291,8.199855588163766,1.0,4.314832062634569,1.0,0.686682120811229,-1.164951464151426,-0.3785117796217303,-0.8569171987668621,0.4544932973308583,-1.1746748879325506,-1.5123620108058433,-0.01047955818446944,-1.0012044449239543,-1.835408507321788,2.686151227659876,3.948019270191623,2.736980504765926,1.378193822081378,1.9828048436062093,3.051428546377415,2.5380047852818235,1.540095250767024,18.04590583577951,1
38.61651679669062,0.0,35.04530077184758,7.854826488660169,1.0,7.909359415194879,1.0,0.21802589791413016,-2.288085535776989,-1.8808312919377619,-3.925249433051535,-0.7954732509260425,-2.3587611740094228,-1.4403141495327896,-1.4810080710411238,-0.40669758605920203,-2.70603008551937,2.891152345555694,3.30075359800144,1.529798066025267,0.9844400033924278,1.6939538243173993,2.991406024593612,3.0977630816549784,2.9263133286349015,7.178121699381608,1
57.673377723491114,0.0,35.08843884560195,8.661687542001532,1.0,1.7071125962861349,0.0,0.7501386401544851,-1.6947095014232318,-1.412082221997835,-2.056526855869864,-2.0307252705198424,-2.8066454597492845,-0.9980686014351119,-1.400580844980834,-0.7423783238946174,-2.6345034652180908,2.020596022230403,2.159625412647479,2.133088591411038,0.7413173755474893,1.5568937670466587,2.2099575545602246,0.8924077724000188,1.0974768331706128,6.190886860301155,1
56.55571128971843,1.0,38.20688909344282,5.881730977630847,0.0,0.0,0.0,1.4304528562097478,-2.4605768297340638,-1.3582503695937018,-1.0687147946347004,0.8820804058312327,-3.0913024328044436,-1.376901174272689,-0.22108213731542758,0.20657197228618607,-2.081659155504702,2.1905834244183255,3.155294871396985,2.1588585954980357,0.7119072706120676,1.7089866270549643,1.575396156619301,1.6810078694632686,1.5218985676569676,15.425506880869046,1
48.726337673173376,0.0,34.2332280928833,8.031212031102331,1.0,9.599952299050283,0.0,0.16583666846281045,-2.1145728424073083,-1.3061112868860079,-1.8601475175761002,-0.21838957912919,-1.5002368234951962,0.08302679683679992,-0.2601084280725018,-0.784251369106941,-2.347825642005725,2.1515957360278017,2.9479339548175614,1.0490551544686564,0.9306621551375791,1.3923399492389577,2.8728172181942924,2.5921185235473825,1.6139764940814774,9.399331233339694,1
60.39965327664836,1.0,31.218208786318524,5.457270639210013,0.0,0.0,1.0,0.8459172457548984,-2.530614164356172,-1.7291456428694016,-2.3874065759661547,0.33911210211699416,-3.12125716528222,-1.7301585423157095,-1.1012550347510055,0.08679015110868149,-2.921691905208979,3.2248460228504605,2.6675239642630038,3.0156746722674135,1.1319315340263902,1.6247964513768043,3.262681903023747,1.992489339272181,1.9308259438854964,8.931040645481932,1
53.142602764772505,1.0,32.63487120373863,4.732609778217407,0.0,0.0,1.0,-0.1328126511683171,-3.1992664934569333,-1.092831867960566,-3.838207535663976,-1.686168201633735,-1.1027272315559418,-1.3438045088868866,-2.155285025934126,-1.607472027907266,-3.0362445368133963,2.3607879162327956,3.113736718041828,2.1613951844211177,1.414558429748371,2.2482997460101095,2.499766578013987,2.237061025751275,1.7784699656160052,17.208751555488853,1
38.54778290828438,1.0,37.35259669980184,5.308174473364312,0.0,0.0,0.0,1.076900196724485,-0.9845625720652198,-1.1244658225395185,-1.5301072146960457,0.5362190821071237,-2.3150417125520564,-1.601941781322812,-1.871682151956586,-1.9551385230851737,-3.0975034361238154,2.2824273145216174,2.2689853028899454,1.8853489687218372,1.9385798620222947,1.6444109695057798,2.3981616293568897,1.5575917930263306,1.2821911336800935,16.98005101302398,1
52.056258624907485,1.0,34.5134698103998,5.931156297001256,0.0,0.0,0.0,-0.5422318141606969,-2.695041756578599,-3.137021160818274,-4.474214924910702,-2.156310427889711,-3.759813120402618,-2.8901081116795497,-1.1883985794532086,-2.6327311573738763,-3.1619039176443478,2.694130106744235,3.1174849820281363,2.34606204778219,1.9928222124542763,2.56045054324494,3.6034567846814105,3.408926948191217,2.750603645624849,12.140501363702482,1
37.452291390881015,1.0,36.03094489590752,5.693576875458835,0.0,0.0,0.0,0.38481392025531064,-2.637018279168422,-2.618162756049313,-1.9796507752320125,-1.279063655658558,-2.605604485949251,-1.869833734454995,-2.0690579632347075,-0.9201022943638884,-2.741977972343224,2.1981841000602502,1.729512368337517,2.100540931547371,1.4295526902626041,2.4946490401037194,3.2631109846840176,3.471306626603858,1.926540162776931,14.337106964456042,1
57.66295331438,0.0,37.51535658990986,5.58711975953626,0.0,0.0,1.0,0.04154981268620139,-2.616425111057862,-2.15785863039185,-2.524169555740198,-0.7653959808862357,-3.136171711846745,-2.409074077764453,-2.6392044448605585,-1.9898053417911188,-2.887264583609621,2.4372863551631765,1.7932997432998978,1.9996728863206328,0.7895095207272786,1.7286405141208248,2.4654313998795936,2.475246278945883,1.221482166649733,9.862843492817804,1
47.45081497915122,0.0,32.81321341696076,8.077410805795118,1.0,3.2112214799154897,1.0,-0.15572748270308767,-0.9054861304974449,-1.0637209712190168,-0.4489621335011722,0.5399217595983733,-0.5548839033640993,-1.2102450584178173,-2.1745269870503208,-1.0109045627262598,-1.860477733393715,2.861012114439551,1.2269175536403711,1.8966752954195187,1.6366515384671687,2.6759706065133075,3.041913666456008,3.358852850261587,1.7062978243900981,16.521989054785664,1
45.96651400100213,1.0,37.90311673633413,5.669558703736947,0.0,0.0,1.0,0.5212135773983828,-2.3511361394176795,-0.948010899236968,-1.2366214970925864,0.296516847364821,-2.728397879119039,-1.9123948026334898,0.15130631767794367,-0.8672450198052473,-2.8493299504067853,2.3017175455562375,2.791817489324684,2.08218381033366,0.881510531260809,1.55008267325818,2.015135408249398,2.557752876405431,1.3326796079803962,14.685090874699307,1
40.50977501155664,0.0,36.20479171556278,5.926203815607898,0.0,0.0,1.0,-0.09711559483769455,-3.260443169634598,-2.8132354275075366,-3.1145674427726027,-2.2080157794955895,-3.3482506106082903,-2.636785875647766,-1.2232647537498689,-1.8017847008446335,-3.303065992908376,2.0838283299451414,2.101906786680997,2.090653391161109,1.4846434264406843,1.1853644735525246,1.8258253253270835,2.6552283418751603,0.5628700940667755,8.672095782923959,1
61.447954725414334,0.0,28.943341108898345,5.821798286826445,0.0,0.0,0.0,-0.19449632604356049,-2.8987723798306795,-1.9703042098976782,-1.47053413058151,-0.7567134215612241,-1.8557062571514584,-1.5004505370318888,-0.6658369655498498,-1.582159677327658,-4.0028540783799915,2.6284921002934905,3.520549895536676,3.238754706123359,2.1541917353711053,2.8021205136529783,4.423313838820312,2.0939945184950166,1.8849627542035232,5.978569537499611,1
46.300175697243176,1.0,40.9903715603381,6.032595158457935,0.0,0.0,1.0,0.6146871904148181,-1.9813018046499091,-1.3675144707023907,-1.1991807017303073,-0.4904193001867081,-2.739613246098687,-0.8756950283256536,-0.6206968449259606,-1.3610987537291601,-1.7686078593364234,2.809095109445961,2.5181608544550724,2.803990421691773,1.4756120478277652,2.1587190338439397,2.765270652285521,2.4255889377616637,1.3848832668535853,20.19529180264402,1
43.28839395620582,1.0,32.24664865309388,5.625578629367189,0.0,0.0,1.0,-0.3062924116380804,-3.2844946239815744,-1.1761689484272253,-1.3015352946456684,-0.8615380626345852,-2.3497186178106433,-1.4168759152014139,-3.0790724002459067,-2.114031391163796,-3.091220721552087,2.4626997781020656,2.139139600855526,2.4457083459825535,1.5906441626597279,2.4715097847385206,2.2378994593616564,1.6854922602807512,1.4253661365877692,14.771248515257435,1
44.12653094462947,1.0,27.05207095566667,5.8168407905228845,0.0,0.0,0.0,0.11471081875255507,-2.514672610704795,-1.234349635616753,-1.9112690070285616,-1.2605231287443965,-2.3057757717567178,-1.7251822421756695,-1.3329533272107397,-1.5350413763051156,-1.3446640189552392,4.039280368135712,3.8920118558025942,2.6024694569496476,2.247843101944546,3.0369924912647743,2.8427973390866788,3.9125060701641603,2.232314930975429,16.651920087923926,1
53.855401041086836,1.0,29.79730330686164,5.392505524419975,0.0,0.0,1.0,-1.392563408798356,-3.518414526812258,-2.705516160073931,-3.0566560034577117,-0.7698922466687506,-2.6447953633665815,-2.1675178764299514,-2.022679002405015,-2.032976263959922,-3.5348013496772657,2.2455914932352834,2.49131599756224,2.5851302437385657,0.9279887669982496,0.9830209368624178,2.6740055568933845,1.3231275544726184,1.0673721083453278,11.310184540344187,1
52.01988470800486,0.0,29.90529677694755,6.209003808857294,1.0,5.101625850093936,0.0,0.3373015774993899,-2.762830929395987,-1.8757537907948407,-1.28737454848579,-1.3883341081362364,-3.2803673649409224,-2.8446782730930993,-0.8929762925498106,-1.3532369976645477,-2.666510505304586,3.012124573915291,3.103298827244066,2.925142352187109,2.01664580340457,3.573666613671002,3.049545053018953,3.301041104657285,1.9119664255723126,10.512197116214942,1
52.54005872755587,1.0,34.7347799339589,9.554901124283496,1.0,4.953956553589365,1.0,-0.7435985906907748,-1.6626198121859983,-2.4941357699064515,-1.8250553589076097,-0.12759985020199271,-3.218318394045104,-1.9977442278214306,-1.2439513878165518,0.4807480033959781,-2.5723741892632126,2.8740807619489224,2.6957717211304986,3.1257651076562003,1.3485101773526158,2.882603538205263,3.3771487381671284,2.904456489273486,2.1851496623129156,17.931808045697906,1
52.73903103308671,1.0,33.26767272504193,5.575671636712941,0.0,0.0,1.0,1.6850889205045747,-1.2466877124098232,-1.0496131859178721,-1.7617500319863912,0.7588220481513283,-2.8072065299567877,0.1917377480182889,-0.34467519985037076,-2.360910844598957,-2.4617001523264785,2.456758632517515,2.758446164954333,2.0096117746599846,0.9339209805334661,1.659568293168656,1.7625395193854057,2.7073524107906093,0.7329065685940127,14.902344787838281,1
71.55812360957508,1.0,32.98425614561733,7.588784272812449,1.0,4.204086442286654,1.0,0.9231582567383524,-2.5945202436662944,-1.3454415785501124,-2.1584477509356734,-1.3705969017980042,-2.5414295220186993,-1.4767647630722986,-1.4329870323311682,-0.48922670593417406,-3.3165358358351638,2.16941176685858,2.8041305615027476,2.4919338738122545,0.4360509254889038,1.7356900408794458,2.8044749149659833,2.431295093994391,2.0689800973507775,10.687697024674307,1
43.52943481976923,1.0,37.288658844671154,9.349240686183958,1.0,7.229660960421496,1.0,0.6505324858658796,-2.4613769498827778,-3.025821634242593,-2.8653084426178426,-0.8822686624486287,-1.4215275070887552,-1.2185983037747368,-2.444645114770863,-3.595120841550914,-2.6894389882265863,1.8069158600512385,1.1759800142795627,1.90785789085925,0.4997632140802333,0.4370543193852865,1.90972295413387,2.3871523619574466,0.22925250800223274,7.9096527596702,1
42.36532998021309,0.0,36.02943912536717,7.775227562212605,1.0,11.464534022548806,0.0,0.3230292136574408,-1.7716753317919998,-2.4426471364261193,-1.4883975583850442,0.09642664481025298,-2.61690962134885,-1.639076506776242,-1.0630486686094713,-0.8111527555634552,-2.6543215690165365,3.7015975723683603,2.599880329302398,2.4748471915915076,1.0127817760005657,2.1463155876206144,2.8617555831514108,1.9826628561083735,3.021354990397524,13.256240289762808,1
39.048499989273346,1.0,35.92221541789929,7.569108617385565,1.0,2.8270021646679684,1.0,1.1791970702075893,-2.6734551453108306,-2.7784905805781794,-0.414744391044394,-0.797869995589556,-2.729907163602686,-1.4324598721203958,-1.0467744627656757,-1.4495970974084134,-2.7237076909712785,2.002797698588783,2.1092096277743555,2.3140990447647103,2.0490935642609016,2.455526825802712,2.174292598310002,2.5998389141169915,0.5820665447197579,13.089691997606844,1
54.77577364833045,1.0,36.344228057979116,6.873669872375812,1.0,5.089672538645518,1.0,0.36819021485746084,-2.4801238631207334,-3.683461076276002,-0.7962944735832553,-0.8038083979406048,-2.215142109659139,-2.5087086865423642,-1.692016074442946,-1.9591466903490968,-2.055330934113552,2.8410230487934136,1.8172044090801922,1.536217675029048,1.0637872892007965,1.8899706033118968,2.369457104252186,3.0339557783542275,1.726132500530941,9.798971291483435,1
60.41869521992981,1.0,37.27260600601007,8.240035483237786,1.0,2.41252359160799,1.0,-0.06865088546870624,-2.1959228497860366,-2.4875001213740497,-2.234238893767418,-0.9397572796676774,-1.8070050491972829,-2.874736585656203,-2.3218886962444367,-2.9356500609749654,-3.9719223829368175,2.686834852438525,1.9786752178404052,2.8571174635916954,0.9479615542526246,2.763446652499046,3.830161678566734,3.008874766470384,2.2921332382689603,9.744560346745608,1
46.74657796579638,1.0,27.0,8.124263264056378,1.0,3.9288424555824744,1.0,-0.24928004095368583,-4.037139878363336,-3.072282280178685,-3.877283813611804,-2.2043739739046426,-2.668769642502935,-2.1156955791315397,-1.933311109447341,-2.8267145577197477,-4.745813393851943,0.4502481421658786,1.6528656573042855,1.8102869908982806,1.0335554856851061,0.6286417609111123,1.8034570998515256,0.4756163389347341,0.7858210707906975,8.755141858209939,1
38.75827875341219,1.0,32.86002786480992,5.424664440198346,0.0,0.0,0.0,-0.5113248604274245,-2.951345135046809,-1.6989932786242148,-1.3588693028661445,-0.2487851288104846,-3.0339091730818124,-1.5726899776519143,-1.5062505421178856,-1.5459718296961311,-1.5492442811537996,1.1700029592639056,2.6696612180308947,2.348897826410111,0.8203908073661246,1.8831817715655605,2.351946162975757,2.365567096472706,0.6962678966582428,11.136300335145474,1
38.93070662739636,1.0,27.0,6.123802827446649,0.0,0.0,1.0,-1.00960018960289,-3.269226815845615,-1.6619202438635396,-3.1966367978753683,-1.5849038053602824,-3.4664207152464566,-2.300561708766822,-2.9508345199968264,-1.6721298767664956,-3.0888716880087497,2.673495573943945,1.7468955639439485,0.9271926765005261,0.8145929442213653,1.359120663524331,2.3853716136685907,1.7461973130154549,1.95625852540871,7.073177352441869,1
55.156520666071714,1.0,34.66226967059008,5.425171098352515,0.0,0.0,1.0,0.8067002600143582,-3.1099127314517503,-1.9641443455941026,-2.4509145412885136,-0.9547413686161121,-1.1697041416257847,-1.4017230698653749,-1.9678697833199168,-1.2197582931090138,-3.7417355667072325,2.396362993627665,2.6666090028142513,2.179074356014969,1.8135369436512618,2.2829542780766023,3.057366762469037,3.0302654025968843,0.812460989087573,11.656978902137583,1
56.17579588323787,1.0,34.47915162499044,4.869832457893037,0.0,0.0,0.0,-0.5592083140120094,-3.715940337914579,-2.859582067592754,-1.7405817948031101,-0.6872594961607212,-2.570960282366596,-2.638624989088429,-2.03936968370964,-1.6242963636584242,-3.714963628036434,1.2278914096485334,2.0293311689465456,1.4550350745013498,1.0339689481716023,1.4003364624595565,2.482263466867665,1.414223700498861,0.9527267076424171,9.29863973591964,1
53.974696951357146,0.0,39.20489523655356,6.16256710989789,0.0,0.0,0.0,0.17730684775912128,-2.3471885051132753,-2.2446248739312793,-1.6840517779371373,0.4946924941130225,-2.4733835517233134,-0.5622260150494917,-0.598045359085269,-2.0332245082674127,-3.3743888990439057,1.4953659572253293,2.390883074984276,0.7490982995923583,0.8979310427439844,0.6093002509832748,1.8458511406007942,2.2545764033802533,0.9756032147724518,3.5365888207328644,0
40.67939321982436,0.0,39.84435476724504,5.738837378434478,0.0,0.0,1.0,-0.2668767064559171,-3.4740199286843265,-2.4648412810851417,-1.7776118126933271,-0.06268161448942156,-2.498112251999088,-1.988999636386056,-2.8350511326476315,-1.6142081647050994,-3.140219835428632,1.3126038657654193,1.7352860634902383,0.7081915998749404,-0.3472090105437977,1.0246983055564634,2.05411335241237,1.8296909935867478,0.9334309331870114,-1.7657515372640322,0
50.553774553733916,0.0,35.412487717135654,8.221668716690747,1.0,6.041024216768161,1.0,0.5463430028311662,-0.9703639758126887,-0.6416468554728547,-0.598660851992552,-0.5311694775102735,-2.211853779022616,-0.9677030829198873,-1.1376873014813158,-0.42484366917045835,-1.9918421368049795,2.292853489468509,2.346801631185532,1.3886946226678951,0.8024051357115418,0.9198050289820913,1.8627693889439965,2.072442491833875,0.9757377547227339,12.163400574959386,1
49.28354390054801,0.0,32.24837515171395,4.737922853443141,1.0,8.267174612603704,1.0,-0.470646234443754,-2.0078320277247075,-1.9981482929452314,-3.081602560001887,-0.9018698259439963,-2.5771165374064933,-1.080390455367527,-1.6009673983310957,-0.934200780508053,-2.816879445362871,4.138836822736865,2.495469505634144,2.4581622429675445,0.977910656372426,1.9805056285810838,2.773010587286128,3.141209609839821,1.5514276214591407,2.365759507941723,0
50.40557456401914,0.0,36.68322500645582,7.825951579657386,1.0,2.995072347571084,0.0,-0.6520436872300636,-4.0287409306663085,-1.830684370666522,-1.4288103978546407,-0.7059181189155919,-1.765752168802778,-0.9434132974901018,-0.8201300818442896,-1.9549664974651904,-1.727876663736979,2.1852082399663044,2.2174475396751485,1.148138370313304,0.587342434758681,1.2685076813127885,2.268647534353317,2.313257417909588,0.9539752067414378,7.6750205008049335,1
57.58571655743009,1.0,32.12437063204059,5.310305809920832,0.0,0.0,1.0,0.8290411457666185,-2.738983084000172,-2.4084776240693633,-1.6425081284728897,-1.759513340399863,-2.1803358703738547,-2.2549184652691467,-1.1234748456836028,-1.8031491314222927,-3.160808061997245,2.148694241611192,1.4931869099673214,1.9535414560231936,0.5747573265648444,1.8447858837009656,2.98258590424911,2.1200316758386943,0.6992782348565579,16.132740142256747,1
50.4595510365215,1.0,34.49373306850493,5.9018897485805955,0.0,0.0,0.0,-0.20552789821205186,-2.9327600613750606,-0.8757720704947916,-0.7807214083134997,-0.1468502782672304,-2.275618052031877,-0.6822717107037579,-0.12625582611962138,-1.478817598939139,-2.521040350044926,2.289980832148221,2.6877467289676185,1.8845046673699202,0.9240212020368366,2.045858940316708,2.8533464546937615,2.26672652504262,0.6052007275743353,12.348148656666623,1
55.46804919379085,1.0,38.93761342632345,7.057184969930736,1.0,2.4697908236065276,1.0,-1.0575665836544643,-2.268495852609906,-0.7973268967356004,-1.7275070574285625,-2.0575269237448555,-2.270427323725071,-2.256424836948533,-1.8585629768064968,-1.1288642465629102,-2.8423561490462856,2.5738269112276715,2.187570570881893,2.101925463562627,1.2917377575795073,0.8738112062511404,2.5218433327823178,2.541338666296849,1.6297685974158278,18.721214834676076,1
48.7433697643778,1.0,31.990028943047594,8.325432635677085,1.0,3.8026173520437947,0.0,0.009512979729118631,-3.223484762136295,-2.171804443154083,-2.3341427587502204,-1.667749495973582,-3.1361401010787318,-1.7032058123236022,-1.7306863103162433,-2.678609391916722,-2.6432645495109757,2.3704194506577876,1.4408952151340013,2.3905223668850413,1.2782621665379186,1.0975012484030988,2.018663448743446,2.2739052734227205,1.5069640093044856,9.78131246072583,1
51.18031338558983,0.0,38.125553876591255,7.163394774638429,1.0,8.130695159250923,1.0,-1.791049149554667,-3.7013731423090177,-3.3024757870423285,-2.6410577045203625,-1.1361223401870433,-2.592997798383994,-2.7597707056671736,-1.627878025450713,-1.9539574878633723,-4.727927728862727,2.0072222861913787,2.8368528345674155,1.06782980082414,0.467020400080543,0.46224911141810177,1.6967843386689216,2.6312165523818614,1.9839179399753673,7.956360523769924,1
54.944170484223946,1.0,37.54830615911536,7.725122968834757,1.0,2.889217340779343,1.0,1.920432204347288,-3.146066463249703,-1.4437645574172961,-1.2086791138900814,-0.04536161494091173,-2.4511293424242133,-0.5866277075094105,-1.8508684267690267,-1.0414361203459745,-2.8810485441144875,2.4407542809382656,2.20522369219385,1.8391925730884555,1.3732443386205322,0.9845686553738824,2.1669578337646125,2.9246047347550235,0.7843861478198243,8.668324152737883,1
31.97128598158767,0.0,30.203436822911303,8.410520184012055,1.0,9.167240177007024,1.0,-0.14183835365362518,-2.4683399348429527,-1.3264892951164806,-1.988902422311205,-0.04247749117705124,-2.373498782000189,-2.0148089025973537,-1.3480067884187479,-1.493021645438999,-3.278538887715368,1.850585060443074,2.3274893354446085,1.9715189881745712,0.7343323030167193,1.635963284013615,2.7065616024990593,3.2139995090181026,1.2956715113999546,0.1244188153797019,0
44.48361662006968,0.0,38.88252357697831,5.197130008764358,0.0,0.0,1.0,0.742786342924667,-2.3041809832706024,-2.9857098923792007,-3.0411897909537062,-0.5747970983250821,-3.2908331481386632,-1.5927538486009098,-0.9448785072878438,-2.3826485577852328,-4.052989331321105,2.275221610795662,3.330048563824943,1.9406744521148087,0.6853005637242405,1.9684816775920164,3.1987554890687804,2.711767237859989,1.5064796569678836,8.155851646268735,1
42.82590080277925,1.0,37.64354855417177,4.932326205609427,0.0,0.0,0.0,1.7395453459162362,-1.8676920686218077,-1.766289224066797,-1.986807491311254,-0.5944831078137803,-3.0121937701714936,-0.6898691679390788,-1.4550395645861687,-0.3399210118230931,-2.781999538549842,1.4309639761190964,2.1202878122836673,2.29307022726294,0.3535262769253892,1.348678714751362,2.059867776017184,1.6823141476220749,1.1087206069632662,16.964368817193417,1
40.97234366932324,0.0,34.958666493176956,5.715054043012366,0.0,0.0,1.0,-0.4346801468938518,-3.2116083590760782,-4.2742728988741,-2.6515347528662945,-1.4993230888315554,-2.7285042499001015,-3.5171787306357745,-1.2807317291180558,-1.5356153112864592,-2.696008640635518,2.5659831447536043,2.844408704384966,1.6596325626152753,0.41428368985792374,1.8388083386831757,2.2740632460808587,3.2025040252362746,2.3258915876552617,7.220838448766894,1
44.97343523650648,1.0,31.069544438875564,7.924052126814217,1.0,3.4637407973205794,1.0,0.3578228991966901,-1.854947941334657,-2.8826244378726344,-1.3319767116695067,-1.0889549013107638,-3.6694111673065906,-2.444182220978296,-1.4575255717637792,-2.1188810413668344,-2.858814913646871,3.4944138766376236,2.4607900267776843,2.630107818093234,2.044239444075776,2.6612550596919675,2.960120963313431,3.5463527993797093,1.9881486709419285,12.790025701264577,1
64.44435442357836,0.0,30.633572916409936,8.614903695066637,1.0,7.507064433855026,0.0,-1.046590044003214,-4.700352903674629,-1.926276568018933,-1.8749396636402595,-1.9380574507155308,-3.214644243915368,-1.5146825614093562,-1.548781610199802,-1.8047432231249045,-2.6576690590622167,2.3768636749612635,1.6850768861040277,2.12890801224419,0.9308310552091421,1.8751326831092938,2.593808517202547,2.3816052512320827,1.2801540765521462,6.44693593552341,1
38.475857727374326,1.0,32.0805184039364,5.642704929366314,0.0,0.0,1.0,-0.18456998016097637,-2.781234371115889,-2.211460286773129,-2.19439084685886,-1.1062191726502173,-2.7235477239503165,-1.7438916447156179,-2.1781618555288036,-1.0944230673062405,-3.74528735297242,2.771959840796272,2.5794111236659956,1.3906658366636444,1.4794539727714366,1.4315248794354893,1.9162755499992379,1.7834607581005233,1.3689471245931484,14.101846356334391,1
58.65106190050629,1.0,36.941675084813824,9.70808936440895,1.0,9.562871133292887,1.0,0.2254132443622609,-2.8823884798055515,-1.8592882226676166,-3.366011808845429,-0.2996236544231316,-3.198094841090197,-0.9547551352772062,-1.7212104473972296,-1.561927999113867,-1.741962396661312,2.2420887181430897,1.304053717238407,1.4395736556189618,1.397587678921637,1.2780402526090473,2.1883651144750655,2.57600488179325,1.5115253141822813,10.349887869919883,1
29.488432512226147,1.0,30.19968674669371,5.775618946534934,0.0,0.0,1.0,0.17812943296506525,-1.7492608924500068,-1.8087001080199128,-1.3369129030871576,-0.33208549885263067,-1.6884220336294593,-1.668735871335602,-1.6218526214415638,-1.5524723070537214,-2.5928210740234583,2.9130506525910267,1.2205678466691101,2.7231477257266503,1.5396031809131507,3.1157163447114593,2.472837045282029,1.7388158659344697,1.5122218294797765,25.935118028750132,1
44.31626467015648,1.0,36.46880511878941,5.48405465563591,0.0,0.0,1.0,0.22334497155973645,-2.1295494381290725,-0.979497158345396,-2.220566635931133,-0.9596134720728926,-3.413702536118175,-0.15791958129869044,-0.8840286729820339,-0.8455189185206444,-3.5437263271415067,2.134776602145703,2.7933664029360363,2.6030845181101974,1.3176424614044506,1.8327234088422897,2.9965872606474906,2.4435996675886322,1.388457879611551,14.922244427934674,1
49.79028371615506,1.0,28.912100120047235,5.3295102537146875,0.0,0.0,0.0,0.3990640087945003,-2.2186972797201485,-2.084326380630966,-0.9771599879059808,1.2043890116699583,-2.727552008799345,-1.8568298769947909,-1.5331724958202442,-0.009274435976291961,-1.793802224595233,2.9222809632051714,3.4416756718528525,3.018079830561981,1.6873478897848342,1.2769517356451303,2.91775506332419,2.406851022058283,1.674019238785505,14.374853538723908,1
54.44844564495206,0.0,33.58169137002518,5.3908380407106105,0.0,0.0,1.0,0.2915777457650812,-2.6105499852615526,-2.6218394209647986,-1.3221400943205592,-0.9100167924815854,-2.763117488322232,-1.1895141971928178,-1.3872569754472794,-1.531368940325887,-2.879840197220435,1.8973454643694345,2.327533150838946,1.287995856659665,0.25592757117158915,2.012086665169944,1.8052851520050122,2.0249872604771535,1.4938306712149871,10.963952585456513,1
55.82349237772141,0.0,34.99341489558304,8.147715227696317,1.0,8.30586368454539,0.0,1.0362843310344614,-1.1434189688451353,-1.0336443310825705,-0.6011966331397789,-0.012492644433330757,-2.2820310333998366,-0.4077073490381351,-0.38847584647307276,-1.5561577789877283,-2.402995475277246,2.8485824757377434,3.1565272380980214,2.50392348603762,1.951784790962574,2.9411676616413893,3.36633574350312,2.0734453330116924,1.6158142003451015,11.807695954834706,1
56.72681958719918,1.0,45.50308565276512,4.892758371284098,0.0,0.0,0.0,0.33368238121475713,-3.005748169517983,-1.049942607616951,-1.3617341436241939,0.514733603891499,-2.02194223495011,-1.1249324541523045,-1.511651343267749,-1.030950103741028,-2.529482788552808,2.7178220430332525,2.3222830671066186,2.922374777868274,1.4258664805186936,2.0954981462727624,3.4205592473274447,2.6434513687881926,1.8098884533874693,14.869403920563618,1
44.16402420526719,1.0,28.302079550158346,6.364747245982157,1.0,4.848373063734145,0.0,-0.6936911072273865,-3.3871136437852334,-2.721600266903118,-2.0429339173470447,-0.7638265590550447,-3.340185021814664,-1.6688373467293944,-1.7775560304323563,-3.7087003711863105,-3.7718496586272585,2.839474090399467,1.906174651297733,1.8341229204138532,1.5770870462584687,1.861663926210983,3.366156184997102,1.7515666936350833,0.6091983834825828,11.369845705467654,1
42.91413028068976,1.0,41.1240655492056,8.443554022661967,1.0,2.2062006566253323,0.0,1.2631909121139029,-3.5582280108203057,-1.9430760495772257,-0.6850531192355294,-0.946960309859048,-2.3920763781623418,-2.286356300191228,-0.0869959065609045,-1.2382763419793998,-2.6556355597082186,2.7618119099736305,3.160840015949653,2.218917637408113,1.7038529373004958,2.512043623378478,2.587151254783014,2.3895530557775153,1.791357135280957,12.413717441968368,1
57.437734693828695,1.0,35.17429086294276,5.462118331586959,0.0,0.0,0.0,1.4834403724044978,-1.7250841195930482,-2.126037162980922,-1.8812056740289205,0.04436894987096107,-2.5815585550459232,-2.6553801915674686,-1.1054226501875548,-2.1748378919105917,-1.6757365283338146,2.842453375936232,2.075811045723271,1.9294741961993556,1.0851175282074812,1.9989638644428833,2.6159375128211377,2.1496127220735266,2.0013921168437063,13.11020093791753,1
45.895652426302235,0.0,36.350273631071836,5.348230380196035,0.0,0.0,1.0,0.5414301102105222,-3.2288374315339716,-2.632018309807202,-3.3686745006595844,-1.8262268517946891,-2.3691591353417234,-0.45321654613996953,-1.0147297834761737,-1.62114519894257,-3.355732889398279,1.9764455110275079,2.20995176115895,0.9859878990550721,0.4716402013418767,1.6323859449757097,2.371809758606997,2.329720768416036,1.3387109830152975,1.970676672490237,0
33.96745044328286,1.0,35.03256561024692,10.743182265453852,1.0,7.365606414428209,0.0,-0.3651966508610899,-1.3242307575758665,-2.004241128591922,-0.19731715272767358,0.7325729245092237,-3.1999660064453326,-1.6071078738687605,-1.3577848403877548,-1.102786238674258,-2.594369429937871,3.5526284217770923,2.589797006400871,1.5301364176861587,0.8541187295841615,1.540243381552424,2.154651815517921,2.4225509311414375,1.9971373078908097,11.430049347211607,1
35.53384064596171,1.0,36.50127068187855,5.636163156651817,0.0,0.0,0.0,2.796991276318514,-2.5683273636781796,-1.204623424555706,-0.6995727297541385,0.13722670677108684,-1.6857663953922077,-1.4676354792152975,-0.46047965539195346,-0.279414705739776,-1.872887699576063,3.2237954437819485,3.1468420035114004,3.5771741204522183,1.71640588986662,1.6413989215737685,3.6651038696237475,2.0997431009260037,1.5314467500738256,14.356926734674367,1
37.88602485398228,1.0,33.80841703037092,8.241418949223517,1.0,6.634201670467505,0.0,0.8561607231296732,-1.3817357254652105,-0.8877358201089536,-1.1757740057913373,-0.8353851861664771,-2.4511518223604685,-1.2400271145445116,-0.6349050501533055,-1.2129733659582724,-3.049720895700119,2.6120673394536778,2.568526429931253,2.0081116367504688,0.6796780752154957,1.770611868310303,3.07628865529611,2.451917446807824,1.035279716751631,10.663073014671609,1
53.468768184591404,1.0,41.04322581655856,4.765277780103565,0.0,0.0,1.0,-0.5505589512962697,-4.170087848989904,-2.823552727814528,-3.529432301103153,-2.1644680122554623,-3.7400102181876065,-3.417499278410022,-2.0475659231335968,-1.8786803473320561,-4.203921992581031,1.5514769236416015,1.7553873544222234,1.7801442040372473,0.9958812572273223,1.0469821159162984,1.0855332379908302,2.049864851078754,0.42542574450513404,11.716521403742718,1
49.56668309677622,1.0,32.445879850988746,5.608765346804502,1.0,3.5449091360284695,0.0,0.050378153911998624,-2.3196179054750106,-2.534723637997203,-2.478732719267554,0.016005085120766482,-1.9867732702892025,-1.1075928308581298,-0.5431979374945806,-2.5475608605958806,-1.9198789787784916,2.71343748740917,2.249583434715302,1.52596765892806,1.2095875022756906,2.9364119058763363,3.1023980653927055,2.6457157276777696,1.7625642025381674,9.902582786070122,1
55.59533889474545,0.0,39.595055574806615,6.937008700666755,1.0,2.4383994914707388,0.0,0.7136496932669938,-1.732743280964451,-1.4136206333481192,-1.4014950369333379,-0.42236125452540585,-1.9047695314199893,-1.3394724295177889,-0.25957379275152725,-1.9640675014340119,-2.8541325423837844,1.2493304831086416,1.4625470287060498,0.08016911701743412,1.1981689955999462,1.8426527780284863,2.1857789241320935,1.8826709045415742,0.06133136734929878,7.785327932602685,1
43.30022089029812,0.0,31.600347959041397,6.0215435198038,0.0,0.0,1.0,2.035858598781317,-2.496634039448051,-1.7218435047450151,-2.009762854272468,-0.05700519279105176,-2.665527285020562,-1.349003791973825,-0.35866531296140625,-1.4506511390772534,-1.9896717974505629,2.168420023849585,3.4330205844770245,2.298237427352393,1.1542522894890286,1.1033669068997218,3.3440590771542773,2.5121719581824546,0.6796201958263337,7.137976799589679,1
49.743936601843856,0.0,34.228866691194206,5.625634754228015,0.0,0.0,0.0,1.0577834524482852,-1.5791919476526786,-1.463089395809813,0.9518208773283463,0.9840083653237811,-1.3202985861949101,-1.1158798418956533,-0.3498137682248831,0.5750176774641458,-0.6492692903230024,1.7454405907570747,1.575646476175537,1.5080264488645143,0.8685579172245921,1.1271467921746958,2.5302048365459724,2.032992270219369,1.5205431137096272,9.750780413005245,1
54.8814943336407,0.0,29.676168514694012,9.494595936195214,1.0,22.6268091872381,1.0,1.5826632803521834,-1.5976449258106205,-2.3423306147095673,-1.0755807826586712,-1.0280525723120642,-3.215020308018398,-1.1549844074438549,-0.6442746151398154,-0.45265109927846203,-2.1727461884820407,2.0856835531515685,4.088925626201901,2.095267803150173,1.0624999758697407,1.5237169139879276,2.6571680041928696,1.6976554453097332,1.5930727535446945,13.254857351580142,1
44.597188063077375,1.0,36.54760674156384,5.964854817313529,0.0,0.0,0.0,0.8252687885941987,-3.1890543346794544,-2.1184425354343603,-2.925552095754629,-2.23844658771398,-2.432893895228411,-2.39489732479379,-1.0437260267423545,-0.9269143560681792,-3.525498796182852,1.1568177382611158,2.131631404964333,0.8560375217926919,0.4139738256192266,1.4797066876834752,3.1715016287933198,1.4412573062170349,0.838017179012043,10.201082165994325,1
53.024527613131525,0.0,41.0030668061694,6.088834254869035,0.0,0.0,0.0,0.8722488756442393,-2.9301835871428956,-3.2991712828618383,-1.9508912948683834,-1.151925990046231,-3.0750808880044964,-0.45720270998832513,-2.395404180432688,-1.3033431682882943,-3.7091699621441494,1.8657447951346744,1.8479483263022103,1.3128456426931159,1.2293105247334946,1.236293798832887,3.3678698660072968,2.400483563041536,0.7226266256492813,4.278397647444034,0
40.718814648266836,0.0,34.15189719080616,5.896749046006469,0.0,0.0,0.0,1.1266091274138597,-2.1220425086964076,-1.4131445747581641,-2.1004152281359714,-0.8797197143503414,-1.6831704724893912,-0.029241007189540147,-0.4781558933932205,-1.4792812851942991,-2.1993076801430687,2.0799768907129534,1.9710478129694913,2.207632068853232,0.23768127165730268,0.8490976486233355,1.9270570486399614,2.3209024439685106,1.6286001560694392,14.647553261049866,1
44.00640768778421,0.0,33.61401435583241,5.17046183921957,0.0,0.0,1.0,2.3419776354700876,-1.8435521978338765,-0.2423627348308488,-1.406928753868538,0.19853026937145146,-1.2486279740932409,-0.34985203652210584,-0.8126852767251609,-0.9920912177382619,-1.328461167761036,3.128325314463706,3.122672794000948,2.3708892596603888,2.0131499944707003,1.700844241776904,2.0692270807233277,2.883384167029291,1.1986371379942824,12.511864458995948,1
43.80088316601838,0.0,29.484223666194328,8.661005750463266,1.0,2.8813406513802073,0.0,1.353240650120116,-1.1331657532064687,-0.06693139391751535,-0.8084176014630122,0.09533714851075648,-0.6864191343508768,-0.012138383631647098,-0.8137934747457469,-1.0128057346785857,-1.5459989417483744,2.2608159607007114,2.5501103669281475,2.1338773516810705,1.7140246123085463,2.3401889695107565,2.8818141119895477,2.378747100341019,1.6246625848692686,12.83680157960351,1
34.845763898520566,0.0,33.46818305901461,7.564429169435263,1.0,4.9074685841554135,1.0,0.2581802708128003,-2.66944350694993,-1.2784979276702417,-1.1573472323365723,0.5249155616321931,-3.50137260874504,-1.1640188324666088,-0.5452749543221851,-2.103356652133508,-3.1065967712669904,1.9422737499950469,2.248891451545396,3.2057880433747066,1.4262670398992714,2.1771605558532015,2.432476746482107,3.042418797972299,1.9706410919155042,15.773270109877492,1
53.3566972886414,0.0,27.332425831253126,4.86663406087897,0.0,0.0,0.0,-0.2723881298631352,-2.8190752412715274,-1.0529183263944588,-0.35600882454819827,-0.9122370494454974,-1.9633008631448456,-0.897910219596267,-0.6736215881199268,-0.740539856469254,-2.281005439061168,2.760411532793051,2.802335261648962,2.7629313981016397,2.19244328304778,2.400874642660105,3.0226276084294987,3.314825778713588,1.480058221609025,7.790349379549983,1
42.83657425777004,1.0,30.392049059765277,7.384395272370482,1.0,4.518270730714134,1.0,1.7500560966451357,-1.3012922251106291,-2.080597500650022,-0.7076741207897412,0.6477238832934967,-1.5667617564809477,0.018252624559659703,-0.24109650642616576,-0.3203850174390631,-1.8618647897427687,1.8692238316308039,2.2983791899518624,0.9016442843597747,1.2406144410064783,1.0061945017170468,1.9824722615561594,1.8809455519364098,0.9933588297599294,9.91952777159329,1
48.13743530600456,0.0,35.52053720749111,6.295547139092786,0.0,0.0,0.0,-1.214595268639735,-3.225358881105903,-3.064392652357388,-3.3206327618208387,-0.4230167541773372,-2.829722628436304,-2.1539560684973544,-2.220136263596184,-1.7743422101913984,-2.788099051506986,2.093808034146175,2.380475262828688,1.8755151550182019,0.870266546730661,1.2675408361509484,2.9379976236126035,1.2288780223799098,1.046510646705579,4.275871592255468,0
53.288213247965,1.0,40.435559389836286,5.723977658030277,0.0,0.0,0.0,-0.26157267483755264,-2.8351688172174976,-1.6042027445485585,-3.2743480079455547,-0.9774213038962827,-3.1394913314695008,-1.9724722164343422,-1.9324899831546385,-1.632640519274698,-1.92063759511801,2.0186603168694703,2.6177613693470545,1.1868713379648366,0.7261596474663714,1.4845473563115497,2.8625207340922603,2.3638921462476516,0.6373809004627259,10.586740518343657,1
52.911842936329386,1.0,47.14144887553277,5.424476031396159,1.0,7.862402996083305,0.0,0.1408620208571592,-2.4720901325515774,-0.5902723075340057,-1.9263392903357432,0.8631201888741821,-2.1149298704022557,0.10209807335423005,-0.16991885133217988,-0.5207001724744421,-2.2536737587815043,2.0075139687676042,2.870253274689317,1.3894276216217563,1.0411907021774902,1.6696438563218372,2.2809484431081946,3.5816480364694048,1.2019893997326823,14.209867107798221,1
55.31923619870065,0.0,31.860367117180946,7.312281908826957,1.0,6.524263432877117,1.0,-0.09923315190336846,-2.7179334338274317,-1.5105173692262575,-1.8355743124751625,-0.8488353401304324,-2.733239880730519,-0.9024894155690877,-0.3717782749417927,-1.672427865225884,-3.2130716782114765,2.5698590956206786,2.1865476916241526,2.2656606204566225,1.696767081149745,1.6336311636375391,2.6576859188954614,2.0383935761625773,0.8669529992097882,10.519122901497015,1
46.91665967039634,0.0,40.95885070490448,5.474373586605663,0.0,0.0,0.0,0.7034871357336899,-1.3490473400653973,-0.7675566869614163,-2.1128799030307404,-0.36190025662015995,-2.7469834575879797,-1.3694490033118725,0.18472793575812219,-1.8591596039508695,-3.5760488895024167,2.9220772595001234,2.4441807514493754,0.8898480014997558,1.9861910860067251,1.438799193955914,2.4587102637690466,3.177183242094072,1.391179234677485,11.910954110563184,1
43.34371856751431,0.0,35.59688616180742,5.633444986528342,0.0,0.0,1.0,-0.26284332274688194,-2.6166846664007233,-1.7268864161473305,-1.5738417454249973,0.18970169312727025,-3.628375342137869,-0.7522775956532972,-1.3865236410336108,-0.8005583271406326,-3.642133400153968,2.201998038678882,1.7854157022926902,0.9062979609888073,0.6908895675481143,1.544144496759908,2.3415653136928167,1.7712599784686809,0.9913147015182636,12.019318450428258,1
47.12309968002961,1.0,33.81938558964131,5.214460673205449,0.0,0.0,1.0,0.40396535760725616,-2.421550866108448,-1.116202368441909,-2.7032747761620284,-0.5507201066979058,-3.2183094988567804,-1.218250112439748,-0.6964973774024902,-0.4003850262689902,-3.052054242220075,1.1976740028032196,2.312119625680409,1.7164282350082996,1.864356853908228,1.6384297314590488,1.9646230819054167,2.147387783360681,1.0084716080316958,16.50004571676069,1
29.439321226461672,0.0,36.446675032767686,7.6591278192895516,1.0,5.462762370170349,1.0,1.1417811885510325,-1.3205172612297706,-2.6653115047406604,-1.0871275003379455,0.42213153255532043,-2.2278629323258516,-1.9011027234620053,-0.22397824681537226,-1.7124472354885607,-2.595491009942585,2.5608247212622386,2.6191180775187863,1.4445807635329961,0.3205451170360768,1.7410274166989679,3.1191226852227003,2.3599550023566422,1.7249174106548568,7.263055962442252,1
32.08176280334604,0.0,34.778624176559816,5.943206595009278,0.0,0.0,0.0,0.3679007537573368,-2.075010692104608,-2.3257546378622225,-2.250460176802883,-0.5793422422970382,-1.8434830446892523,0.11656279036698836,-1.9987342471199505,-0.9636189184529694,-3.3897722432418638,2.90768549252216,2.8897854563869902,1.8557660563815785,1.489959334474099,2.6177216805644563,3.166217048092145,3.107162692339276,1.5532396693030535,10.50393882447986,1
33.450304264101575,1.0,34.99678076525498,5.980319820003281,0.0,0.0,1.0,1.2150489945653942,-3.018077910224579,-2.3853758311119737,-2.2149758903510524,-0.7220469194201534,-2.3534858356406363,-1.2169885991000642,-1.2147519825471007,-2.211438123013771,-2.403590714347837,2.1785877441527104,2.386145870949946,1.9057266222593001,1.7268767900905826,0.6499811645380702,2.4686792111880935,2.216133685962587,0.5769700901172241,17.0724961161176,1
37.0302848963837,1.0,32.66250076727999,8.047990283109016,1.0,6.673252204926056,1.0,0.3576330690695777,-1.7442246532282586,-2.3013607546259705,-2.82942229707008,-0.7120780265761067,-1.697055828788042,-1.36770674371461,-1.301334705105396,-1.868402557324988,-1.6487354584198715,2.703060329952479,2.2628148955092735,1.859241699744172,2.1555028826278058,2.4885788642132534,3.1436010117849005,2.883437980404786,1.6362910903016663,14.98694286664114,1
52.3975164939578,1.0,28.208506530905172,5.838799581593853,0.0,0.0,1.0,-0.4236820759078235,-3.4318990090003045,-2.016647594895717,-3.4588470218054668,-0.27921996161526635,-2.5080519671164896,-1.2683635640178805,-1.1348761965576717,-1.6851686830881267,-3.802742197121531,3.4996263592220607,3.420969810623024,2.21088227946842,0.9987207461646808,2.4737011328133343,3.003477725699763,2.120650847823374,1.9550541059822732,7.684074778891215,1
38.039730391039335,0.0,27.55368658865063,5.469564008537892,0.0,0.0,1.0,0.2879396470200315,-3.370062981326266,-1.8768310449102006,-1.3848369835141139,0.3719263141240746,-2.1517247014611818,-0.7425841709396073,-1.2064278711994,-1.4485057797633052,-2.3353068617447406,2.1385837038130875,2.727250944311763,2.251600825586499,0.9580095033417083,2.1334590576134302,2.4143390706904078,2.2155876249960746,1.1430438383174581,3.2762758776729193,0
43.84021190556671,1.0,37.43960197476552,5.6189330010716505,0.0,0.0,1.0,0.09082170182647298,-2.5064846388696127,-2.8239781639948047,-2.638474609221599,-0.4772199691177575,-2.1438063096987436,-2.3530459416195915,-0.9979816843903356,-1.8686006540295552,-3.030077548848501,2.978584656683762,2.6171445579326695,2.9506096001925233,2.5044464105029918,1.9814539136649565,1.6390185530307733,3.219629139799131,1.5956103972219893,12.611917268142763,1
62.29151127564672,0.0,33.25484959461429,5.661076523802272,0.0,0.0,1.0,1.5335555326325179,-1.59812482435395,-0.8703366878776568,0.22416508401155233,-0.18817297305032032,-2.349250046088609,-1.2497272475844052,-0.6842191550515441,-2.222431352796954,-2.4152310658698686,1.780288152120805,1.9683738267158792,1.481016615432222,1.5175495655912539,1.653017690281437,3.025464378509968,2.5146213076444135,1.1469261264804387,12.559511901464916,1
44.08109631832431,1.0,31.81759995154725,5.848022663843511,0.0,0.0,1.0,-0.03565658551592954,-2.1651304234956417,-1.7451313134972524,-2.1731447493398792,-0.20861108299851472,-1.9609373992118275,-1.923029402190933,-1.491615258289311,-2.7965490227671994,-3.664066445233579,2.0657856780744455,2.7151480245809343,2.4269053394908693,1.8027922534763188,1.8516100632498165,2.8508897981534616,2.864051389908754,1.4204241862151488,14.814725154596804,1
56.112671253137954,0.0,34.53827532025419,7.495185634284671,1.0,3.074327127964061,0.0,-0.19397564833886272,-2.752311361984186,-2.877727211991745,-2.498018749544003,-1.851567803551092,-2.9030112798279264,-1.7145866433434322,-1.3994234973134936,-1.7370581051660912,-4.283383451706504,1.6190359797183396,1.7842386086295037,1.4739132834493014,1.1129566046964108,2.0706640784197616,1.6554523978730882,1.7466181365538627,0.8315665572137156,5.812812563564838,1
37.730205519891356,1.0,38.077195138120324,7.085226055343278,1.0,2.3320882443304627,1.0,-0.09596293111428073,-3.078822548293588,-2.5446176725472713,-2.0597113134760163,0.09109320025507872,-2.0979900107934997,-2.2635586744006115,-0.9020640508681335,-0.9834073690820417,-3.4202249744365423,2.776830219383986,2.4003193073070195,1.8812940664332678,0.5319369874694363,1.9697629752139425,2.4825237200714416,2.028752025208078,1.1867762491809652,10.087881179981725,1
45.74018686345607,0.0,35.31163774361879,6.907721067232044,1.0,9.591379670167388,0.0,1.0790927381083513,-2.482503754118242,-2.8139675769496195,-1.4811712978372376,-0.3971214722448201,-2.5836431009267735,-1.4721059243613164,-1.6386321358548144,-0.8859893116242923,-2.790238231900516,2.9761973011587575,2.2178824817940033,1.669051348189198,1.85744809764971,1.9692992745082498,3.071265841104941,2.780261779816965,1.5875101459825962,5.522388047492534,1
37.549757395983605,1.0,31.547752785115648,8.114601761200623,1.0,4.687098427316956,1.0,0.5331590751585824,-2.285752251310201,-2.719667118502335,-2.489447846391622,-2.3064509473824564,-2.499202545337702,-2.6695988704067872,-1.5430024902671802,-1.4729297419929916,-2.7949207380650294,2.091020528510866,2.873689521337933,2.659595158554047,1.9402449942606426,1.4855098028018152,3.4437678818069806,2.5020804684136007,1.2873684289394194,9.591582425234877,1
44.27063616509381,1.0,40.018318300420276,5.208358092961964,0.0,0.0,1.0,-0.5632135310688474,-2.9859568368574188,-1.1408758510457697,-0.6866934043105615,0.19543478687181404,-2.0600981465978725,-1.951744044826144,-0.5521991541216208,-1.1985225129709982,-2.2235963562266994,2.198403381938916,2.9164064287864684,2.3747627399815427,1.2220184302935861,2.352606849366296,2.864314596334876,2.320311032147503,1.2225660906734717,18.69811686200677,1
57.24338951203135,0.0,41.606334763417344,6.255530653746692,0.0,0.0,0.0,-0.10627476388169332,-2.906792200583652,-2.09198920182248,-1.8119035934202068,-0.41199917898281974,-3.0061888141770097,-2.5770763377456243,-0.3555256611734918,0.23609107720325206,-2.4921306384745123,2.5461409066529717,2.553079110195025,1.3606194204241184,1.5596882202449267,1.5608938230920855,3.3610528623625657,1.7780354710056971,1.3017417987428617,13.194501696317225,1
28.999475344884164,0.0,36.72550494895284,7.745061194433267,1.0,9.814990386959938,0.0,-0.6591936757840885,-3.550150021371053,-2.1524538268150395,-1.2952033760660004,-1.7293441903612883,-2.9921826780927567,-1.7830936918495226,-1.0138443912280284,-1.875024502919303,-4.217918214408223,1.8800133893364632,1.7956116516313343,1.422218099867694,1.731477029558907,1.659586214295208,2.0030487459256245,1.240838647116192,0.19338359520510662,5.143800935109256,1
52.77866007900443,0.0,38.881485801048406,5.7495490988707845,0.0,0.0,0.0,0.8969580475623219,-1.5831428572210704,-1.6673071216809,-1.1328169841241194,-0.5019670538058574,-2.703054001940845,-0.4905498762427136,-0.5504243187203843,-0.5554013358802428,-1.3442924015415882,1.9781221135287588,2.0227780668955773,1.653614171533986,-0.22202154135443353,1.286858823818756,2.639127814750034,2.79740143173536,0.15811622079787302,9.256410334823794,1
50.615091625655054,1.0,40.08881998566215,7.70405178625347,1.0,6.449868316330885,0.0,-0.44387386745485846,-3.309044206375472,-2.288300005258776,-2.5787607125966354,-0.5007849184756694,-2.9969937653094236,-2.5637606430004727,-1.6160643741917995,-1.640973002099204,-2.615653127963997,1.8191643444565067,1.8379147782893797,1.7502443358737172,0.26378588242067424,2.226520791511339,2.329055443926107,2.0492953245483405,1.8856153059434884,3.1880202925016032,0
41.46435048733526,1.0,39.585446923820314,8.463157587744854,1.0,3.7354205033323398,0.0,0.7145127225179395,-2.144337552197423,-1.5685054879558276,-1.6859098719765682,-0.8751868660520035,-2.1488327464565087,-1.550991910496146,0.1011594009365746,-0.12344797531992913,-2.0217475087058556,2.2903714255499907,2.7162790495674667,1.6633827844660167,0.46694179112308487,1.3347040791232645,3.4874472773530183,2.6544183222529383,1.5129531300526164,4.704065700446672,0
32.093363601727,1.0,37.26344629700681,5.933259290771556,0.0,0.0,1.0,0.7027735514343885,-2.559945748676181,-2.823889941467068,-2.0521506072643043,-0.6544184879894391,-2.4564437276812527,-1.273163860383724,-0.631508898927499,-1.7633243334700608,-3.2983671264555245,1.71417596588888,2.766775479067266,1.1933578686474067,0.14467833173142552,1.1210772545949874,3.135750827751508,3.0291349700594976,0.9788731663012866,6.6368571451889995,1
48.793424584852566,1.0,37.19256171183697,5.600411891402412,0.0,0.0,1.0,1.560685343794527,-1.615986711914328,-1.7267976922631272,-1.3781313704073215,-0.1868424114171216,-2.0038156837507177,-0.6991489039695096,1.038558445413847,-0.4828619440148092,-1.652868058590794,1.8954805890812092,1.4361422494727942,1.6215847711510165,0.8728453502454394,1.8036564212094959,2.7207618082738034,2.0290505216033083,1.388434756205151,18.93059251553993,1
42.17558020029817,0.0,36.83847258005926,4.830177092809876,0.0,0.0,1.0,-0.9491813649521142,-3.4355974158525067,-1.677037190496381,-1.8983669415480655,-3.997702598817511,-2.816005603680573,-0.9085804416708047,-3.131877543022255,-0.9831166910822609,-5.285251763393779,1.879616679292078,2.627171238981174,1.648920895571484,1.2928982407681315,1.8909827206710563,2.5635165039426417,2.726864045703216,0.6084017923302785,9.345073064790476,1
50.55943832490174,0.0,29.561980464538305,5.863401475144337,0.0,0.0,0.0,1.1503991560427307,-2.343841573641285,-3.4398936425486815,-1.573229999046382,0.16787068793066184,-2.1669116645744375,-0.9856805873696638,-1.321063389297884,-2.429356439714362,-2.3190836505861294,1.6610502690674358,2.0959118400815533,0.9414095175728232,0.5239206999064122,1.1056820772260045,2.7196758840888884,2.0235418195633805,1.4671132618228573,1.6193854199119588,0
48.24037360075787,0.0,37.65325420586814,5.309676018476547,0.0,0.0,1.0,1.7998031355570365,-1.2635612817134811,-2.7293809913018885,-2.4597777375499117,-0.960386829463837,-3.45591377745116,-1.4658211482743855,-0.9249787203532127,-2.2336572670586294,-2.33087303701341,2.481004831285831,2.2778336343865666,2.058706452535189,1.5786849070472697,2.475002096160684,2.698751734901934,1.740854572370124,0.616079301855048,13.689254409916906,1
65.61956780453006,0.0,28.398837129930506,5.993960945056849,0.0,0.0,0.0,0.8808831552160112,-2.8424812121687255,-2.063059380082514,-3.144886655858193,-1.0315544919667463,-2.728394879900013,-1.6172869577579516,-1.1620033730501782,-1.3283158211336001,-3.156592524487872,2.1041524339298676,1.1360277020085705,2.500332174390614,1.2712681388347822,1.29915600315277,1.8169437360326217,2.605735927190782,0.609725195007854,7.829383661258643,1
45.36708809779673,0.0,30.92430245193725,6.8147985530594175,1.0,1.2931693102692223,1.0,0.6289559540434534,-1.7689428809783527,-1.794301019518093,-1.314469141637263,-0.43093075443255147,-2.6664836277610564,-0.9187195963449498,-1.3141440228721777,-0.8132992325658903,-2.5315647857853714,1.6890639418393683,1.8344249469257767,1.695405014398205,1.1676145891953773,2.109229846689162,2.921025565971443,2.2692846641903803,1.7703668017570173,8.805219442673536,1
36.74152758115949,0.0,40.366042805136395,8.44906172160681,1.0,3.624154350263741,0.0,0.15685225878388542,-2.9310118690190015,-2.516622028596228,-3.190245060203372,-0.7563784157352884,-2.724759218455743,-1.2824247368212942,-1.8601951230166525,-0.3522697811883523,-3.273050314004142,1.8974002316141836,1.3376493316483318,1.1991945983955217,0.26001232737353,0.8796472813148677,1.4708825337764653,1.4578270880149753,0.9637682067591706,9.7143697558214,1
49.972031984519475,1.0,38.28099073212389,7.292355485753817,1.0,5.13101707977364,0.0,-0.3000877137557567,-3.589697940069249,-3.693064182315205,-1.4109540060690686,-0.1543086207766176,-2.456838962357035,-2.432449960745216,-0.35567578644856357,-1.801146913712861,-3.2663256747531593,3.3291542615975427,1.962878006440959,1.461962477192375,0.7831241593761984,2.1027272203317935,2.473044994148579,2.003449358517505,1.671726707448529,6.02743896086552,1
50.41996352368942,1.0,41.19329230358638,5.185877460200868,0.0,0.0,0.0,1.549807264348861,-1.7037800237331109,0.12355736585631671,-0.765393478190356,0.011444025234052302,-2.0742830592180943,-1.970461546852257,-0.7380092330889083,0.10710437693715802,-1.6926851993616756,2.873834159805181,2.7192173918309024,1.7964500200977782,1.4698725053701747,1.8383921860702224,2.6177968023835874,2.268553448541519,1.9467272291913533,16.083010098572966,1
62.9510633276448,0.0,33.27746527340719,5.152503617258121,0.0,0.0,1.0,0.4162464052483247,-3.3399173913835583,-2.0234131342422286,-1.2364653974402355,-0.3307511031082587,-2.3723864610659895,-2.0186044339952343,-0.6444228630392664,-3.3946165651148767,-2.7118232788175414,2.449928135796076,3.1295125769494403,2.926922569240492,1.8150204294503969,1.9661746269168257,3.5020635314590853,3.0823477530754966,3.158185413724131,11.644946624056525,1
57.186223705060364,0.0,29.314880214254547,5.4312255528606626,0.0,0.0,0.0,2.456257584755679,-3.010684499502488,-1.7480673849306214,-1.4149401823929348,-0.5331169747499571,-1.4418484223389045,-0.7427729112740554,-0.6261497603819278,-0.2795853398137109,-2.258266833374684,2.4860617330968116,2.9580896832684056,2.3370925980376027,1.3671364469922813,1.8780432554167932,2.93557597835037,2.8661301469303417,2.205796665990885,8.86270289549935,1
51.9255816506446,1.0,33.418032613183456,5.7895104798674275,0.0,0.0,1.0,2.943891591058811,-1.5962185873994061,-0.9388924081290577,-2.0626074163743535,-0.23722883436620157,-1.0211173439604249,-1.626973786609696,-1.9837494112048801,-0.7427670790071415,-1.3387046226985893,2.4853103349822585,2.319577171821487,1.8291489373881433,0.4833819010804363,2.4788509537753924,2.2984866165873723,2.8112972265220475,1.5248270175270149,16.022263348056335,1
64.09633180341518,1.0,34.95914083758258,7.832525122553094,1.0,7.321857268154268,1.0,0.43390498295690055,-2.8400249524387617,-3.39856767353468,-1.8100586275864228,-0.4142034493493968,-3.9385153369216,-1.0880269041038426,-0.956240458594645,-0.7579062208625335,-2.5604693706857775,2.4822390985036438,2.5083099859637916,1.639283579407171,0.6645425372169794,2.545003448990343,2.6629510633725118,2.9703956947498145,2.1595997870467416,14.252463508188375,1
34.92360640244864,0.0,34.855449223530044,4.916187890038816,0.0,0.0,1.0,0.9229461670490549,-2.026740725118842,-1.0872190739631007,-2.674557579681693,-1.45386337627905,-2.967231797470591,-1.6126578640999039,-0.9696995845995657,-1.0872231792275737,-2.0337973030649144,2.0534918419404713,2.63428640432994,1.9916566920977035,0.5786205463620628,1.5713881269211358,2.743984651362124,2.0428843956264915,1.1011352781441959,8.40262385038046,1
40.96273313975278,1.0,39.60156215440516,5.788302324465327,0.0,0.0,0.0,1.3187962388642807,-2.9321865070127786,-1.6752403074901638,-2.2128591673891003,-0.6462607033328746,-2.2118787981930037,-3.7400431233981015,0.27133438161250045,-0.9194689482848118,-3.1690827558948134,2.1959798867686127,3.6195411138492095,1.3236306719032207,1.5331160322393695,1.7942321352223716,2.382704173807368,2.3224085615375354,1.7716255759209378,13.575731126748359,1
37.80766464453922,1.0,32.87428308748449,8.602361849025842,1.0,3.005050079090842,0.0,1.9418958041841825,-2.3207013042476357,-1.4319240979137269,-1.6531011318450022,0.9858822467468912,-1.9713500313082803,-0.8057264356304739,0.22253916255153272,-0.2173556737012805,-2.113591282028858,2.7347141564123363,2.7761781678587494,2.778971511088587,2.1830190493241965,2.6620851082479917,2.840396245067303,3.121351399705069,2.1507715679409776,14.851581597433977,1
43.71209216528655,0.0,36.084155123113156,5.362720895477901,0.0,0.0,0.0,1.2883127778859704,-0.38675180533045506,-0.9661575010204704,-0.8658956805921882,0.38460146981837284,-0.7123747715145299,-0.9122892303211078,-0.4376605291691057,-1.4082057806326278,-2.7613164538471007,1.8106211398120688,1.4411997522514577,0.491688598730861,0.5566722875386864,1.2778889176929535,1.3604913890559953,2.1893564934013945,0.8074866683557713,13.524746505704014,1
32.856452376880604,0.0,30.051177827544272,4.850116359320942,0.0,0.0,0.0,-0.014240002158376341,-2.7869031706686833,-0.8754316926928778,-1.3126081258071147,-1.0639349273394698,-2.922851738329481,-0.5427920281733758,-0.31135950187720907,-1.0811023545052925,-2.896678068024752,3.1096715689492114,3.027629668207219,1.82014316204344,1.6926790173346522,2.438592661469282,2.678719946352562,2.0021499265961875,1.680995132707655,11.066401993578252,1
54.98666041495845,1.0,36.52642775119716,5.262357239976806,0.0,0.0,1.0,1.2999462685637142,-3.02941791618076,-1.594268932897279,-0.009936397059806978,-0.001462275466753593,-2.5593634073650127,-0.8110087972911101,-1.0801017580215244,-1.836429949460354,-2.007142896047864,1.699493218810289,2.876183594906491,1.7213312349110603,1.9743401035393726,0.7761150250182194,2.551519137445025,3.0004220622249154,0.9389613195435856,13.784877513543416,1
45.555550331913494,0.0,34.51398847583537,7.668968133560385,1.0,5.963580628342911,0.0,1.294267520439778,-2.5199997532199085,-2.020446227653417,-2.284673348755164,-0.6245372849893037,-2.8234259493276914,-2.176927520766716,0.024719333834862356,-0.9163606032005043,-2.317237312927936,2.2044794386237787,2.2401587751882515,1.5381320594867716,1.1440827828312112,0.986740444902852,2.285153882011873,2.3884661670413254,1.057518157171025,8.021540890946163,1
31.821130760470762,1.0,31.12583997771967,7.718287598058997,1.0,5.188566145301838,0.0,1.1067196551459417,-1.7748337650560013,-1.9018435119177806,-1.2713620653875846,-0.41919348593134387,-1.856104944746729,-0.8863083261400142,-1.054247464773317,-1.8201044311859453,-2.4046022805804403,1.6998774800085346,2.82645930027497,2.3066457325934815,0.6723577923732366,1.0562202187687397,1.9342414555400462,2.41589319334211,1.3132455730633072,12.473374397600095,1
36.82863010671704,0.0,33.43876787021316,5.230069441817877,0.0,0.0,0.0,0.23658440975416087,-4.073839964966333,-2.0570402041285365,-1.465102285860452,0.9323751414674352,-2.744861039638315,-1.87805657531443,-2.0056690305192815,-1.2861495408991415,-2.778004122297813,2.7740496274674284,2.510266883529776,1.6510541126886464,1.7021942347300367,1.63629367018248,2.76603173096093,1.7184582424616353,1.1151310433318917,10.921478785894815,1
51.448652321952146,1.0,33.671209140681505,8.449793788341037,1.0,6.530104092971509,1.0,-0.24903706782939927,-2.958255385297176,-3.6932608270337814,-1.699870968879727,-1.5818098300860495,-3.046336245651151,-3.0024482415681204,-2.232003641537667,-2.1652159448205976,-3.5010007202909774,2.905637792564908,2.3483692266096052,2.558948434129262,0.2274016061258165,1.5247076878276338,2.478310704839216,3.2146113875887146,0.8794772929065136,7.57234206035055,1
57.21939224683819,1.0,33.284301917983065,8.210660250139314,1.0,12.707748718201874,0.0,0.7837860124180095,-1.3872323737437222,-1.0557600131693188,-0.5954226967500171,1.048648168626522,-1.3200399082639493,-0.688448677428309,0.32046744722403187,0.32983438695906964,-1.3924418708398851,2.7025959772682535,3.242254777944554,1.9468852441113464,1.250687920022348,2.079270700154889,2.0791202473482793,2.2949360153458223,2.120618445379531,11.94734053710629,1
69.96403980860966,1.0,42.47103559020458,7.648638703190201,1.0,4.305455526285348,1.0,-0.7637020776288824,-3.6378857637870787,-2.7697148661376794,-1.8595562458708519,-1.1323607775771496,-2.234730162400746,-1.019070397745767,-0.7021143104272833,-0.7192358454141025,-3.6590775679337257,2.613592886518652,2.5392381966867936,2.160396437044773,1.61252514111258,2.358575196945492,2.550579398987116,3.350658954238145,2.327425045639521,6.470712133682191,1
75.0,1.0,34.05699298961454,6.038075143164231,0.0,0.0,0.0,0.7861083995646206,-2.9201441775206396,-3.1764529727702193,-2.2322373507571855,0.061103684033726235,-2.3104688115796153,-0.206296709548087,-1.0114855954764717,0.4370922358445497,-2.447575310562803,2.7063545782119274,2.1989905441189372,1.492454850457967,0.9428101470409649,1.71081220570153,1.6019496975644016,2.411876914771082,1.8284891154848988,3.607215276968873,0
52.55850376603596,0.0,33.40246750420198,5.574011053327371,0.0,0.0,1.0,0.41798423692298914,-3.5524801416658134,-1.4384779402261028,-2.2324291339142004,-1.1890638209634197,-1.8187846999335462,-0.7976313034539171,-0.43096133574647266,-1.4682553009449606,-2.7800262915358416,2.6458844838985263,2.2665862164429154,1.6134949857360419,1.2931704098019556,1.6896596851810877,2.776378874598436,2.6824052472612223,1.9562011851907761,8.511808613191935,1
37.115080679649495,1.0,27.0,7.5691804366146815,1.0,6.730754895867836,1.0,0.35211648184331884,-2.0303402947137004,-0.7402917057911567,-1.1724764495357336,1.1895139183201127,-1.268283096889337,-0.9696683589427172,0.03683723812446971,0.5849344781580397,-0.6165627228019281,1.6207259426422866,2.350160649531628,1.5715642021511878,0.8698650177708711,1.948068584261776,2.8643344778227657,2.935207555731472,1.533805341387297,8.293536516873843,1
24.5474909119556,1.0,30.476066916092353,5.445703404086792,0.0,0.0,0.0,1.3495130756792646,-2.2484299941077563,-1.819519563689307,-1.0869591988057115,0.9429073460937213,-1.6554674563811254,-0.6055691648688573,-0.5467163107295714,-0.9000921283474351,-2.307866782192117,2.233989925546523,2.334535802872894,1.0196728258063326,1.6190791196483818,1.4932310346982582,2.6834065722345644,2.600470964848544,0.6921762128598741,12.588553837277107,1
50.944826085782196,1.0,33.31616958994641,10.027177837854442,1.0,3.081883568329756,0.0,0.508340788196424,-1.2745369996233333,-1.8017721970699614,-1.4267299161280207,-0.8615536782424809,-1.7509337999324694,-0.24683641051143268,0.3282694616249313,-0.6272725965140498,-1.8651205946906826,1.7459921645242191,3.1291171648919294,2.1745152705135182,0.9571618177275745,1.7373976713187143,3.133695178597607,2.9259905101751005,0.7977625339927864,7.994692912252793,1
39.05764795158641,0.0,31.41366295720511,7.023849943604641,1.0,4.337207457260403,0.0,0.2771597422639696,-2.2472970184705,-1.7131654849513702,-1.652354211759957,-0.390441228595526,-2.0605440954122765,-1.5342797710216411,-1.2205869950293684,-0.01660194502066048,-0.7388901166924944,3.2805703062031353,3.423521700631333,2.4636739599111293,1.1138521368057974,2.747372477142603,3.3346147667556996,2.207201909753045,1.7295959046917533,7.055601207083814,1
43.431070138023465,0.0,40.71768417020009,5.2141223872554106,0.0,0.0,0.0,-0.5634935588272351,-3.8810701636338014,-3.2746882747589297,-2.5977080160563952,-0.7119024187808506,-2.7376685285031668,-1.9761159013592944,-1.4207245076908697,-2.312588006812704,-3.5518053701258436,4.175703765675493,3.2593559725643635,2.3618660660712427,1.3478085637946253,3.2671144169807613,3.7327423174041026,3.8623078957288532,2.3698130118684886,6.819033046319653,1
41.26693521034211,0.0,33.75778001071701,8.775308273968728,1.0,2.4247463856272393,0.0,0.3839243612993626,-3.792837817379394,-3.1539505851528378,-3.080844129964672,-0.6888472963456193,-2.874935371512726,-1.6043193435394623,-2.9272600909911928,-2.9067508442103027,-3.047983057088319,3.052411541199672,2.3344655286385416,2.253362339884239,1.5342106353211369,2.7120110691370014,3.080170084804108,2.4327313754488613,1.737289191047999,9.071461071240858,1
46.45130024941976,1.0,40.297999121932136,7.70780210550932,1.0,0.9841037350221142,1.0,-1.822935713332841,-2.460290553227611,-3.85976908117628,-2.0144768767633363,-1.929930063004032,-2.5760720222884075,-0.01114303811698325,-3.206746894490041,-1.4462444331942228,-4.592350575990356,1.2941520785238554,0.8213390427091298,1.6711027592256824,0.3378073005759685,0.9632658298530041,2.289859351470341,2.421539413629239,1.074268351583463,9.844663712748142,1
59.72578253866408,1.0,34.77767085322666,10.171629631089381,1.0,4.1314735038411445,1.0,0.7414151377740034,-2.635459711479829,-1.8267448788124534,-2.347059472454008,-0.06686670226940139,-3.4321074966201484,-0.7091457181113024,-1.4418768376129396,-2.241156447205819,-1.8040841206305085,3.4568436981306867,3.239170800194188,2.7009807043158442,1.9006240584065919,1.7500766567102497,3.576908878534515,1.7533308749797873,1.5328860570027931,13.406326165001113,1
49.72753424189879,1.0,34.6675252638971,5.480510231572502,0.0,0.0,0.0,0.3461258777526775,-1.1892740047365742,-0.7642352049651073,-1.8315290136489577,-0.22205307740923252,-1.9878249256981548,-0.015548928473616108,-0.3450533488811256,-0.593213393231571,-2.336280559069875,2.313758210340567,2.0712058087683154,1.6433492265018494,1.9736023324882672,2.3581510724556116,2.343778225877152,2.208183971431878,0.7857409429711516,18.182016857113457,1
46.25501679257443,1.0,34.10041598529374,7.956498144552051,1.0,10.829060829510617,1.0,0.35955437131628876,-1.6364949743847959,-1.7580064601270802,-1.8399010631024455,-0.801854264863074,-2.747677712057983,-2.374161633231461,-1.7329843657245976,-0.3599218276344812,-2.920045256457802,2.722996271603682,2.5318628666515015,1.0936593766929052,1.1514543281761132,1.9308779518996606,3.02403685275054,2.3710244050943237,1.2199414529716928,12.934165844177329,1
36.607808718916075,0.0,34.51708313229656,5.899073317627858,0.0,0.0,0.0,0.9635293348448788,-4.260344271941216,-1.8730292818446101,-2.1139551655582727,-1.155168448825922,-2.643246153274563,-2.0918208918600354,-2.9357381417550874,-1.1129473908986989,-3.0159232389505224,3.4917588082937163,2.9803253103812857,2.856937359353028,1.4847842847119945,2.660174598036999,2.438533828865933,2.6397168296255864,1.2477694512688207,10.073950921217635,1
29.578487608252072,0.0,42.23457751372437,7.213322791342377,1.0,9.662578515986102,1.0,0.14884603620171855,-3.4119629730903007,-3.3394706591855154,-2.136073794538724,0.05839785034752343,-2.66310349629858,-2.7324289497230523,-1.4392552569173,-1.7129974736910503,-2.5978241056494906,1.9370160068783193,3.042451236387331,1.72858915999729,1.5486147689246064,2.6132584589611896,2.750837131497854,3.054457710655571,1.881556672458526,8.84123199116168,1
42.65061300019336,1.0,27.0,7.873827301436323,1.0,2.6301150572648577,0.0,0.8853865419293813,-4.667689400215433,-2.015593387326326,-2.8397134719132406,-2.0425073349555087,-3.2251410927595145,-1.8301469699434234,-2.896188064856724,-1.5161275668376448,-2.93461925952309,2.3698621583501196,2.9405502213180754,3.115453795248298,1.233868898572873,1.6171383483313282,2.3190376372707417,3.051470594633938,2.1722387928413207,1.1063420178499914,0
47.40839194099848,1.0,27.0,8.530934468538502,1.0,6.291383190140491,1.0,0.4375809570395982,-3.2370436051318694,-2.8642666404313912,-1.3747185968594544,-1.8319349633427122,-2.096175909395362,-1.8506897342219957,-1.5155419614964611,-2.7131660432739277,-3.2623347008835615,1.9777778399996389,1.196497882909003,1.179919967477204,0.9379805045218236,1.2739568523737717,2.19251704473665,1.655550161120419,1.3822827755542275,7.155349576260593,1
67.4472290493787,0.0,32.05573126024749,5.732502305719472,0.0,0.0,1.0,0.8908684128091008,-3.429701454357821,-1.726944876971946,-1.7504977618782123,-1.0520373597423411,-1.9782203736577602,-3.0012916159599135,-1.12757652710261,-0.3433267217334629,-1.8680029000711007,2.5059150810527817,2.9048676229531645,2.2583347383031462,1.6625624501391731,2.273814767993198,2.4144455487939696,2.800573453568241,2.026604512585274,10.526979362992412,1
49.43301973620174,1.0,34.56537546871906,5.295184042875546,0.0,0.0,0.0,0.711845376430818,-2.7169336194203026,-2.409646020922785,-2.0587633899679942,-0.30133357665526156,-3.0828258252372374,-1.0777483381330941,0.2135710315836301,-1.2325100637793889,-3.6006408714794196,2.993084879716906,3.006055052393442,1.833937861286779,1.0127104512379563,1.7339231949765703,2.8145417064129368,2.472088003302023,0.9733210814567166,9.974634316867329,1
58.81013462125363,1.0,37.60546991143806,5.706024053108091,0.0,0.0,0.0,-0.6757957970531302,-2.3945704910409233,-2.2688933759015772,-1.4135200292760417,-1.1009314043163252,-2.109361644723063,-1.7182482501550091,-1.8204930811655446,-1.7440864261474647,-3.804498698973036,1.622167979410969,1.0748710060416327,-0.24476573926891154,0.16612777253207178,1.993812752669294,2.6988856007300677,1.2374777436644009,0.7381914774896273,7.1443887536562345,1
42.507748416069326,1.0,36.628892391123635,5.469232729420775,0.0,0.0,0.0,1.9914876468652891,-2.11520783152772,-0.995221335587313,-1.5459129837632104,-0.7646951812533198,-2.1991162242992885,-0.30410168703557017,-1.0273693408235127,-1.3982684645619154,-2.258486692255178,1.4212522939699004,1.42695996816032,0.8112950191027017,0.3862494072493372,0.9888598256441568,1.9930205286101317,2.0118262863185272,0.5567678381313786,13.791464648318296,1
34.965618569412726,1.0,32.770893392037436,5.160710497791483,0.0,0.0,1.0,0.7992180805741953,-1.2291236486597594,-1.2850504849733333,-0.8322523078736911,0.49146257623182754,-2.6333501934274435,-1.5982980886170155,-1.4505946970544072,-1.7896505055341214,-1.9348033397403073,2.3217211823975767,1.9071910399993577,1.1283009017540802,0.1091947576966672,1.6673762324730506,2.021119145988194,1.0415412568848377,0.827407318732393,12.41520720287149,1
37.38371561544391,1.0,39.08569661958793,8.033661414386234,1.0,7.202152641432826,1.0,0.6320400733310043,-2.45921164374775,-3.7798870414166936,-0.6338549767855366,-1.265218379304149,-1.2155511624680087,-2.444285235918391,-1.8166714808404907,-2.9111018164115383,-2.8132353885734513,1.5507072009283498,3.1133402748007426,1.6561254550636626,1.4435358780623528,2.3072313241362976,2.1649539973702927,2.4157452531657784,1.6544849087750984,10.100003044293294,1
40.022513290106716,1.0,39.13587931418729,6.006470543610885,0.0,0.0,1.0,-0.48100545664898586,-3.7124579675821927,-3.5102168464858554,-1.9707683023645295,-0.730834795090069,-1.803889922398151,-2.3652820619321586,-1.4998403380866798,-2.606384041822621,-3.5398361659461726,2.369327703446064,2.726303668943618,1.3837699784258506,1.4134248197062842,1.5348817163793824,2.7171808862066653,2.821170511899564,1.748146559613106,9.220646786583353,1
71.4131670567868,1.0,35.328260240722045,6.836309861527124,1.0,4.010954704997551,1.0,-0.015076250624942056,-2.397218001128915,-1.3189431675229222,-1.0015467858887521,-0.9718206033548309,-1.680068803413286,-1.3118750545323474,-1.2059555572655456,-1.5870967150623776,-3.0290870235726697,2.509231835293684,2.9368049168941024,2.547364943959177,2.233602786507161,2.187705952966404,3.0841154227331122,3.2743379695387276,1.6264856027155155,22.559625793862356,1
38.964746528531755,0.0,38.831959076190785,6.563052094015525,1.0,7.740354863268987,1.0,1.7938510769569866,-1.8817785684920993,-1.3260457628792732,-1.412147964041451,1.64886008466281,-0.808190963526503,-1.0882924807086982,-0.5364339093791508,-0.6141721435532832,-1.8841839601357053,1.4988395163932084,2.450767559764703,1.6484589876112288,0.3124647517728165,1.6729929266389514,2.9734684404782317,1.3479135450449942,1.5617064757454662,10.373230008019918,1
57.223381241099794,1.0,35.72690368544458,5.320227308749781,0.0,0.0,0.0,-0.1609807941051482,-2.4674942807298494,-1.060099436500482,-2.6251105153478944,-1.4408572415966368,-3.001948490053578,-2.0099419147474324,-0.0848064242035198,-0.7285836008364889,-2.2076930572086475,0.7777594905525909,1.6709825423227667,2.2981382004240127,0.5750552123827474,1.3585201160748528,2.500915914560567,1.121585337930009,0.9063589182015074,17.10536097856945,1
38.067801041042706,1.0,31.973326379477022,7.199184977817434,1.0,8.678228334141023,1.0,0.18850744518927962,-2.888585592459546,-3.180359581703275,-1.5922889547923562,-0.5087482120229097,-1.813598997826685,-1.732839278001939,-1.4012333783440665,-1.2994461142961096,-2.30278403251446,2.338527843176785,3.5395183566566555,1.6567950337096329,1.1672596015901917,1.4586073761728302,2.1390839835333972,2.9444470224675308,1.4653582986971656,5.059990881615127,1
58.24730314161668,0.0,37.64017577550002,7.740098723222133,1.0,3.430758209322143,1.0,-0.7761724976779832,-2.4600600843586924,-2.283487089822202,-2.8215085067098773,-2.454508468807441,-3.206101145536626,-1.1324823176362042,-0.5724548990500595,-1.455782898467188,-1.8517332357221536,1.9666596821440874,2.0818957080206406,1.4884887334891606,0.6758986581772585,0.8362255459658993,2.0476295321262294,1.7818473922565143,0.5663308051133298,6.9496016906424,1
52.234460627164495,0.0,34.99775905160405,5.129914639367852,0.0,0.0,0.0,0.3656471336346041,-1.8976180506028584,-2.1533974105225164,-2.0585215821812985,-1.0290880740494153,-3.947836788779359,-0.824889985878474,-1.7433509484761127,-1.9935630311708241,-3.796366415595859,2.3930277537829845,2.6691285056410017,1.7815564776085606,1.135656473997951,2.8868832564458327,3.8226231113164015,2.1836483873658215,1.1945246881590947,8.608530773956268,1
46.27698312576101,1.0,34.50602931039519,4.835764925035078,0.0,0.0,1.0,0.2365124507709736,-1.335659928273772,-0.1991666866496813,-2.3789370555266975,-0.45079222867514596,-2.853637807557496,-0.553586141641524,-0.6589785869212846,-1.365097013234232,-2.424970456611046,1.664358033804802,2.827026776750812,1.7018048544221724,1.188300114968357,2.696501785990165,2.6375435921092474,2.791503923737621,1.7388828883407148,18.699379240929094,1
47.55161221251023,1.0,41.12829107485308,6.668581497827578,1.0,8.302793727014201,0.0,0.018065102873833172,-1.5239615785989191,-1.4241710064403685,-1.0641271559315215,-2.118710667694525,-2.475076962633649,-0.00825973782980216,-0.07144805870358262,-2.2325370405826286,-2.808647601214405,1.94706958898243,2.941270492661882,1.5774595592708849,1.8141759529098143,1.5540978642081487,2.366626160933013,1.8348725835807225,0.8559447378628064,15.92221287742844,1
40.797335350276704,0.0,27.0,6.416870485242683,1.0,6.315339548397941,0.0,-0.5612155727349771,-1.654126352114542,-1.8271747521063593,-2.311383884938615,-0.6365841977370676,-4.357098248121405,-2.529033095111423,-1.5451435851483168,-1.0949814367494608,-4.423202859038561,2.0439414066028787,1.0605559057474996,1.3926077743332974,0.42724368596510254,1.6399400133006672,2.3133630234708744,1.580233909821799,0.6638602033032082,3.9078686494737003,0
52.906794216302885,1.0,28.120421234281935,7.846727037899753,1.0,5.545557573202517,1.0,0.09507575383805655,-1.9500652362293063,-2.9610800641597064,-1.7645144136866069,-0.6530823766850211,-1.4087834898402523,-1.5993626680947242,-1.2763194960688844,-0.6926765718839335,-3.6120989404702772,2.159229176887461,3.2608326775911465,1.7438174431236153,0.9110423404431947,1.2434103736874231,1.7860184015231737,2.379143725886103,1.3448108131198242,7.089939985941927,1
42.99518171625142,1.0,29.158183081315336,8.261055213169886,1.0,4.5247445084186,0.0,0.2232934347593131,-3.00336751149653,-2.2509306263500712,-1.3701879691293093,-0.28176289844952823,-3.0289958187836636,-1.4842736653386772,-0.25319342953191015,-1.8271909048450983,-2.7184199594235645,3.069657111701211,3.3805431175585854,3.734732823140493,1.9142508297660403,2.4136748449217844,2.675942960878369,3.383154735049354,2.137293921294772,10.076976144290002,1
34.51833659856027,0.0,32.86532708594037,7.965785544407405,1.0,5.220871252108761,0.0,0.24547145844909715,-2.701300933277584,-3.246557184456705,-1.1101132304099237,-1.2791174826634601,-2.0091166654583352,-2.0528823173747703,-1.8010125028393889,-0.6974140847699515,-2.2730437646742647,2.69075978300641,2.0298891579284715,2.162618767847427,1.3239374079918218,1.9079204462178607,2.307373895832358,2.991445265739598,2.4796201758754313,7.027072095981732,1
33.94268668248419,1.0,33.354263236052866,5.16731232748499,0.0,0.0,0.0,0.5669327191711864,-1.971167509087648,-2.002538108805814,-1.6426150815903595,-0.8994290801934821,-1.780859882304691,-1.8004418685879557,-0.06868084884494396,-1.2904801360974474,-2.582557656380004,1.6337935842214306,2.6296961221437662,0.3301244914566328,1.0532300561808754,0.42726682942407646,1.7647067787247963,1.1421936572857694,0.6094752769037303,12.381065112025873,1
49.898467094943314,0.0,27.71703458502129,8.345233326300534,1.0,4.466151718565904,1.0,1.0069824165234675,-2.3696721627093615,-1.9985384835328495,-1.6485764158473544,0.19282794469948927,-2.6976159069033177,-1.3846674651164121,-1.0009817084294124,-0.5220272545269035,-2.6206656139822684,2.803276219020697,1.6799570531753316,1.7200544428076496,0.8036236206382086,2.4182557068584742,2.757881515353162,1.7886182807698128,1.0709848091907017,2.127528498286889,0
65.37000382051478,1.0,30.06678885460128,5.657435364294787,0.0,0.0,1.0,1.8466392755949776,-2.210986226082106,-1.6961196884298184,-1.480644838605417,-1.0990360665832068,-2.9299552902733583,-1.668684337224434,-0.27347636843471945,-1.0903340507789476,-2.896640582821841,3.2336625430313184,3.2663009937686964,2.00180765206672,1.4409480480861152,2.0344339072118154,2.666369825060738,1.8529701523691604,1.2666470003491361,13.20615047317122,1
49.75990774930782,0.0,30.626212446643933,7.026307490734978,1.0,1.5874443590983622,0.0,1.3812277964852764,-1.0941185004213292,-0.4465780569050395,-1.5723443747337198,-0.21690498168192496,-0.5694656208789706,-0.49718281627326766,-0.5257685101632611,0.02411052666804836,-1.2384082196163837,3.1335195835192247,2.6238130178869357,2.2191103786322937,1.5336351580259395,3.195264987321147,3.0514064191457275,3.388820874914919,1.6173356997497168,16.55123478338485,1
46.69497841279129,1.0,45.558408414341514,5.254970589623939,0.0,0.0,0.0,-0.05715965674261153,-2.595557627577902,-1.4467491087631559,-2.6010990267848086,-0.710993189454474,-3.387738621333126,-2.389826106072742,-1.875463427543663,-1.3082244728562513,-3.318495897030984,2.144360443698505,2.4446470339390864,1.5317591691939234,0.9443871639612691,2.078711451587875,2.099490053031961,2.2458247588097264,1.5940127041456469,12.815845909328514,1
51.144087535627975,1.0,42.60783876486216,5.378416008240514,0.0,0.0,0.0,-0.11873449997472485,-2.742922097618433,-3.0016848167542785,-1.8387439874523606,-0.10103756476187076,-2.730138734631983,-1.82118832977999,-1.1439877802462939,-2.8453901522546214,-2.7369428173518004,1.8053203707123533,2.9045061429197445,2.01264472306222,1.0979298767289292,0.7527385871079779,2.224733656212834,2.370236888006008,2.065565053075511,10.218708062391398,1
62.366019158775075,1.0,32.64712762041908,8.296763695130084,1.0,4.609852339852445,1.0,2.881508642995891,-1.8234055055889393,-1.2415264470552958,-0.44638286068734145,1.4650928550828457,-0.7425593157556096,-1.8061673161814913,0.18666762870664444,1.4831686654042986,-1.1778935406095934,2.6407334924669676,3.2556099327082526,1.6760597481574617,1.306482571514727,2.5765737068597416,2.4115026923511067,3.0731607347201972,2.0120851507624513,13.817852717686256,1
50.41320751500242,1.0,32.86387519361941,5.3521036560204385,0.0,0.0,0.0,-0.5236815306173996,-2.712085482870056,-3.1954630206696155,-1.386212440838974,-1.5773781076883977,-2.856319416253392,-2.4884584288683653,-2.0391867439299896,-0.799108579104892,-3.1427043994548867,2.464834189069892,2.385177116330001,1.4945251672201163,2.0109922807285816,2.1838871051310496,2.8838021339953985,2.332162291341634,1.5310054024155038,9.453637971070544,1
43.47980046082889,0.0,29.328582012652678,8.971932563256695,1.0,2.8639333390561745,1.0,-0.047361978980576036,-3.614810258950895,-3.7337745050404454,-3.3442341578568247,-1.3311660336977016,-2.6211410691142327,-2.5954976172615307,-0.8864700684845985,-2.4323648691375657,-3.6518446095796806,2.3988303619820197,2.759427416056475,2.4893464453418117,0.9863153446528472,1.1742670041440568,2.6433350169081424,1.542394149287328,1.1461400283243992,3.4449321787658116,0
60.16917581065878,1.0,27.0,5.36015787044405,0.0,0.0,1.0,-0.46366137626980153,-2.1598048757825126,-0.591659481960539,-2.845074695929555,-0.8518547046768665,-1.6722907464026031,-2.4252336861205896,-0.8606613038479952,-0.4803029725476804,-2.6782426135455513,1.9944861019329423,2.648211238407798,2.99985734239616,0.3880856205682226,2.9545920688130374,2.6659852890156372,2.7389152535770376,0.8919154799839932,11.250864979203413,1
52.71632082307775,1.0,33.97403916116164,5.719851285698828,1.0,3.11093029121672,0.0,0.8402104567521061,-1.1263065149277383,-0.09357809727815614,-1.0573518732299025,-0.19248690004553298,-2.410301236017052,-0.18695528225955083,-1.4138215731129968,-0.8461015215728853,-2.1216636395150537,2.8981229421357924,2.762055301305547,2.2133727448380034,0.4431203904694062,1.8948621013960527,3.08557586657372,2.4027103670215895,2.0827883886898473,7.222975473125469,1
64.89331591195591,0.0,30.009666075401885,6.787785761035181,1.0,0.4798234601627135,1.0,-0.0024020101750036327,-2.5311434641665627,-0.2303412888910883,-1.5904543184732873,-0.6228909465869416,-1.562350578924495,-1.0100627930176764,0.12374387549995047,-0.7447726995332687,-2.5134277270577656,2.979737103134817,2.4193506669623326,3.0117706691407307,1.5812415161087834,2.1873335418103608,3.015481105110625,2.8069508198202655,0.48440897368207736,12.446326996960062,1
50.01557880944097,0.0,34.118172607520954,5.27048978814869,0.0,0.0,1.0,-1.0269799104756445,-4.313271759161367,-4.142774172002801,-2.61900706129226,-2.5924853490091944,-2.8135867739984057,-2.5494097335843544,-2.4339329357938584,-2.95585091141064,-3.517830424060988,2.1886961610861673,1.7054319104031306,2.598235659429727,1.9465805813576247,2.310245822719372,2.6269791106811615,2.0314176527255436,1.1483871244380583,7.5470054645208515,1
34.5308406510745,1.0,27.299073679304353,6.664098415379038,1.0,2.648340749147808,1.0,-0.24359825563392912,-3.563701429041741,-1.5566080473623165,-1.7884603662269098,-0.9606962849186355,-2.277803151052199,-1.658175721349555,-1.1029928729930116,-1.9900930350687334,-1.5925810701402132,3.4655851438556198,2.585588427192849,1.1161122969381092,1.8109277038153433,2.735979031291549,3.722821710232811,3.3186814614971505,2.455726701304107,10.744379923047022,1
32.95024880829769,1.0,31.07111493760384,6.002592343680622,0.0,0.0,0.0,-0.06369597414098005,-1.5962153292760028,-1.9966757649145874,-1.1164778134836715,0.12187025570362053,-1.424000715834548,-1.6906805481560039,-0.14813727867827797,0.3440983517121432,-2.465016752730008,2.331760444432125,1.3709303546021208,1.701176005072578,1.2091180517421294,1.4794708795243228,2.2470220348705934,1.6482444414468733,0.5769527690586245,15.954187429878917,1
66.16020725454375,0.0,35.16882192886274,7.270381629539098,1.0,6.068595887022072,1.0,0.42776485371369793,-2.9825530893470367,-2.342724416804285,-0.7314553157408368,-1.2374795499674045,-3.18930566214804,-0.518502922138121,-0.7721398589932658,0.18131097058018608,-2.9253930812807503,3.402889108859642,3.9718757377688307,2.734252097825571,2.079986546119682,2.066063158381425,3.606187624885754,3.998793564343636,1.4792266397799843,15.910860144406698,1
66.96032292861626,0.0,36.14794319002772,6.261735913181655,1.0,7.082046387653358,1.0,0.5010249097900555,-3.0597524245466277,-1.9892854678993286,-3.1281900335215216,-0.4081708567879514,-2.493141284175724,-1.727460581774702,-1.6581079120215585,-2.1251083819463448,-2.584728231112244,2.578329979821436,2.907745219310865,2.4740627531053874,2.3019034349447502,3.2399687115518665,3.0529779174516745,3.2870663407203997,2.0345699775420085,12.78508414578209,1
46.025288653891394,0.0,36.378623814339065,7.968546604291154,1.0,5.431935764912876,1.0,-0.5368719885627252,-2.5442905224606522,-0.7270111869362481,-0.667178875877702,-1.3900799778198416,-2.763445176231129,-1.1514312351678284,-1.1552752754355378,-2.1595729794958243,-2.539839629713876,1.9207308242361822,2.4972154944752205,2.244712682324196,1.2809397546945214,1.3445326386804815,2.289827523654264,2.064823988542693,0.8499331695561904,16.053360046148867,1
43.78493946750414,0.0,28.557799571293334,5.627920570763477,0.0,0.0,1.0,0.39198648390696056,-1.1682097292309064,-1.814153577581189,-0.6413446861409249,-1.011631753313926,-2.8660707701985904,-0.7524628007678276,-0.15346898749909044,-1.564116295527662,-2.459511970164638,2.488123748963401,2.8051731392141237,2.6571340690572223,1.0149969827585748,1.683764009748857,3.506732897373755,2.5527352542428035,1.6393527280648532,14.387590107145039,1
64.07588721466422,0.0,38.34608578561003,6.048022835921139,0.0,0.0,0.0,-0.7052633388232624,-3.1226482628938808,-1.8163064410629794,-2.405407269467232,-1.1237302098395827,-3.65530362614658,-2.418549816396083,-0.5284357489781297,-1.6539629157481195,-3.874364669679956,2.1949377671626102,3.0810390458462105,2.753520190720799,2.045198234805072,2.190640474609396,2.543736050290394,3.673752393028556,2.254009467493549,11.790124507217799,1
35.82249749752163,1.0,30.899047365291672,8.158501296802077,1.0,1.8173345700950965,1.0,0.1481824400656067,-3.885248021589617,-3.132523037103091,-1.3861327197102469,-1.0845575540287524,-1.5942440277211856,-1.7987785462405765,-1.4653371455383466,-1.1095144958991718,-4.80478543964553,2.026004611164566,3.1733727615091274,1.8318493998483654,1.9762162597660318,2.7300676755995514,2.438046563601568,2.9245790813641555,2.054923285564542,4.674959249354013,0
38.15800279148591,1.0,37.34786061573288,8.263307538769343,1.0,5.306337024227321,1.0,0.5639514589228599,-2.5793274517637044,-0.8765750727079136,-0.8474418796075824,-1.0052136199257038,-1.371836238647925,-1.29990645600935,-1.4559612102459099,-0.8695674758421159,-2.6273718152974164,3.868945519751799,2.7193800806998234,3.265880479358519,1.8876250076182204,1.8531396111699319,3.123940429951769,2.977074313582729,1.455726661297123,20.241861743943723,1
55.07659474157949,1.0,34.45212595521813,5.658898471006435,0.0,0.0,0.0,1.6307722512228193,-1.9139676457354524,-1.3541996448801394,-0.6345031282782432,0.7991889581802504,-1.2112609034656885,0.28862841934779704,0.14049045118385028,-0.21816714857811847,-0.9859605161283693,2.4873041713109174,3.1016296782825528,2.3509380905771935,1.1749003416150996,1.927671067292948,2.7888769498131305,2.698367509499172,2.1487932811015114,10.856859810672482,1
43.659343648544514,0.0,28.306256254149236,5.931502310158153,0.0,0.0,0.0,0.32728308793428906,-2.600535987859863,-0.772955254912775,-0.41369365553140036,-0.1720303605652967,-2.380293548870486,-0.10503530029475838,-0.14926578735049412,-0.5250140381908052,-2.4359094167769277,2.4631638520316534,1.7939099234820604,1.5485428669812458,1.0643290810233035,2.162494103173104,3.129837927702466,3.2463695144578963,1.5357812097073833,14.14317451795222,1
47.94365946607922,0.0,33.07711032938465,5.422441340500664,0.0,0.0,0.0,0.6653572629716751,-2.5233932725855555,-2.3921747699456275,-1.7189406427067269,-0.40950133847970915,-2.726896892342814,-0.8817701738853334,-0.25388253785837267,-0.48533070611369244,-2.7675907694964965,2.757985505301496,1.8833725929042116,2.1812153299925496,0.6525356187072247,1.672967651850981,4.012290861455293,2.651572682831587,1.094628646275877,8.778324501432294,1
46.20212811623036,1.0,36.14413683928695,5.551266772112725,1.0,14.120928855814885,1.0,1.0046572033506975,-2.3299457262964207,-2.667626362965855,-1.2808904762899744,-0.3740344673277233,-0.570530520270434,-0.13531399126436838,-0.2366983738408741,-0.6028228796162536,-2.1455995144029716,2.544673403574743,2.313525019526401,1.510329385823764,2.184729948943651,2.4395939911801,2.956017964019123,2.412652504270252,1.431006213423212,11.498996503200848,1
51.71332003678827,1.0,37.2583442121357,5.258459560596819,0.0,0.0,0.0,-0.40295152290648617,-4.184229643389729,-3.2504362552593475,-2.58271778874128,-2.8240868693050336,-3.844783703921137,-2.6863724040858576,-2.382532336191163,-2.7987480505014926,-4.122269470488867,3.22548912010649,3.038785420769123,0.793768882035365,2.50124371456055,2.17599813217303,3.0691563647028204,3.258259117745289,2.012516642301377,10.828338554171248,1
63.48230047445089,1.0,33.86555446150012,4.9800612941672044,0.0,0.0,1.0,1.7791150624990895,-1.6210982132183878,-1.7941946129178385,-1.3205629656485067,-0.10017821405011529,-2.5135051787589804,-1.577478488364818,-0.12266901387528173,-1.1246476987903717,-3.104522614413698,2.7481451706300857,2.446248684700564,1.4645989916257967,1.3126512872690106,2.5181608408157525,2.3827212566887437,2.1027971181288665,2.0205578653202734,20.73288540737023,1
48.9964339759192,0.0,41.39300500770474,7.6190680920664375,1.0,1.704936790358499,0.0,0.36548772474444585,-2.5236428156895,-3.4169475018721114,-2.111968799350983,-0.2822982698144228,-2.388166234034255,-0.13309542174298272,-0.3363753504262349,-0.2204971489773071,-0.7236137286577509,2.025652876915345,2.1644905248708546,1.629113435131375,0.9486692423100713,0.7809134417752988,1.9844127589827583,2.1317467717460463,1.1408613526144455,11.825988696633837,1
55.083326726045435,1.0,39.03379846943952,4.8852331477387905,0.0,0.0,0.0,1.0065250094196783,-2.265511472046537,-1.0512635693543764,-1.8070244816946042,-0.20340786853259818,-2.6147974838196677,-0.9519774173450634,-1.337315417735347,-1.503731671248563,-2.3028795671900264,2.9947958315477523,3.7894168235295878,3.363975562654618,2.4139987302450665,2.5543410957068367,3.1068725095057217,3.1852991669702586,2.465210432169453,16.66234935686657,1
25.448106888658753,1.0,33.345056476201115,7.084731732310596,1.0,3.133876519496353,1.0,0.28983084737554626,-4.083043079549162,-3.4665523439613652,-3.242526507624481,-1.984884620148248,-3.0724242362548924,-2.1722024718719477,-1.2803689531426798,-1.5220928398179896,-2.7622406294090656,2.7931626789474002,3.039905576172976,2.231304576873872,1.8852688795688957,2.7915301111022326,3.491890596694495,2.8952358043074926,1.49951108071951,7.781131560511654,1
47.4640975787687,1.0,37.87554815461625,5.950394791925926,0.0,0.0,0.0,0.8867169531672984,-2.272515442521616,-0.9932261961262339,-0.7739003873721255,0.14855213672699774,-1.0980763464470393,-2.470334312435996,-0.942950454048191,-1.0723559880638969,-1.6074870626293345,1.7854595423671353,1.9195760579649614,1.8226280694419796,1.1843385976705378,0.8511329089874947,2.004257383265089,2.142690008435428,0.5944345331189346,13.264326632268972,1
38.72446702677842,1.0,43.20207068334684,8.2038811614846,1.0,2.8924435554832977,1.0,1.6571159975606156,-3.246773472567593,-0.8203939666256828,-2.2611812117693684,-1.1695586810775256,-2.5510353798821988,-1.62777534896922,-2.1948453240112533,-0.902138528012489,-2.3435903620693943,2.5603424918357627,2.435079387066777,1.6746024387605662,1.1984539612064276,1.974284719249947,2.182967683064134,2.2300594479911204,1.565762865564163,11.556113921363004,1
34.593056335340094,1.0,43.32218070352362,8.398708197590967,1.0,1.275317636955681,0.0,1.2432332769309364,-2.6296996730971185,-1.8177329038016303,-1.6165328712064762,0.7793420299524748,-4.083661769836732,-2.031227285370421,-1.146132404465244,-1.9843499576593406,-2.9913172680809845,1.8427458900099394,1.4054828113951727,0.7468838066563348,0.3618932453171514,0.4715128842434868,1.661563450342856,2.4357791733822296,0.03156885509457674,9.849511605774065,1
38.34032396378374,1.0,28.97400053629876,6.575819163263686,1.0,6.7454081238327435,1.0,0.2991395709040725,-3.1281709621415827,-2.1164211442399834,-1.5085759377560872,-0.842400634127404,-2.9144529837105226,-1.7549001323150073,-1.3592610378933694,-2.6327487879656593,-2.7521167244607625,2.1304370891133795,3.604748478603075,2.482274732474598,1.3260515317316173,2.0013743144887823,3.0827947434165957,3.536045733075882,1.5349046777404798,12.862189871906203,1
44.32464215229107,1.0,30.33060099979282,5.477838049101164,0.0,0.0,0.0,0.039199016442564516,-1.7808862621925758,-1.453387791689713,-0.7643802020074073,-0.9571648691614711,-2.5109163380013757,-2.1379715075410606,-1.5630268299385484,-0.3843215877940004,-1.6512031630298136,1.8454338302670301,1.5599540856870284,1.6558695744076946,0.09135752770781913,1.047969687661181,1.5926016061001784,2.3172051374293225,0.5984875375343036,5.605710752458956,1
58.074927965916146,1.0,41.18213454030233,5.371999125023827,0.0,0.0,1.0,-0.5185066358435678,-3.264910497107503,-2.465664159791249,-1.8071024946964636,-2.1791768939764506,-4.1368848632966255,-1.8357190827852061,-3.159316914309499,-2.370135458598345,-3.4862969024318997,2.5381581968033693,1.7131585163920193,1.9125356757068905,0.440438905872539,1.3311779130098902,3.4170481605402485,2.7215500593730173,1.2515023517175075,13.138328205283909,1
33.4096801048648,1.0,29.737735271230633,7.790307853617448,1.0,8.003037911237936,1.0,0.7325327759464939,-2.5898170351796947,-2.17587374482733,-1.167465577457745,-0.26448406073825337,-2.781201937787446,-1.3655160061982485,-0.8277170779826026,0.0011039885437800212,-2.0248508316513916,4.219365145869918,2.764483183218747,3.2380094316787167,1.1729104411028672,2.293989776028848,2.525413143132364,3.0358492422125156,1.9510320478120278,10.555993979756321,1
48.336946418538595,1.0,28.548564900187444,5.8340219151820945,0.0,0.0,0.0,1.371645484763155,-2.7175131164567095,-2.1579493376897396,-1.8233808977420096,-0.5853265767209522,-3.09569416914442,-0.6214125477977009,-0.48939446568383016,-1.3363818094922555,-2.2159924504426924,2.115401120489851,3.026692525897891,1.7988878000989401,1.399268679103505,2.276445116408693,1.9851766357878606,2.0566212844774947,1.4098160073311226,11.1187354720737,1
42.674136233330636,1.0,32.31212641185429,5.673345531124009,0.0,0.0,0.0,0.5783193304030704,-1.9981493183460142,-2.770711075929786,-1.9012200087634226,-0.656169949132858,-2.091004216510239,-1.8971250821907684,-2.9163578356603885,-2.220136440114164,-3.096515015015082,2.678092051656991,3.432788377806639,2.2607716254446233,1.3866502463118175,1.6788163586077318,3.0166024258179016,2.5268238213359573,1.5218925838993422,11.19923821611747,1
44.39559596201843,0.0,36.39102019263564,5.55097061002036,0.0,0.0,0.0,0.4511073804026653,-1.3203119781870565,-1.2332010200963373,-1.310396843893968,-0.18088829047068783,-1.299240093871313,-1.3686600660228654,-0.8056311393032163,-1.5571894016555432,-1.4313901807607354,2.2436668964668947,2.7808120405856513,1.767058707653553,0.8013774670200566,1.9441111450091406,1.0490093239181508,1.8594546125540088,0.5573182221543976,15.65692416029388,1
59.03033607835064,1.0,34.039214820250066,7.363335917651757,1.0,0.8966098450894747,1.0,0.713999149601291,-3.020318085723334,-2.110403970323215,-1.4836488362694382,-0.7579598380768352,-2.8775108211944214,-2.003514803080041,-1.0754209084393833,-1.625028047425968,-3.2108282530931715,3.021954933810073,2.5463090422353716,1.9240144283477787,1.3288569601554756,1.6484882683885456,2.5020049093481402,2.524264716513999,1.2745058356684118,13.107624398428966,1
53.919269807043186,1.0,31.572463708174837,6.705270546418656,1.0,5.7672459693087355,1.0,-0.6688494040443246,-2.915913462014713,-2.490177789778393,-2.4138312209501995,-0.886195915008722,-2.3882541823352796,-1.3585263499037068,-1.1086274700763683,-1.7094712260326053,-3.4437384715009456,2.0424695286367776,1.841492931020002,1.130247064741324,0.8343134741843017,1.5637308038621398,1.5196755376527253,2.3135888256672303,1.3572303218376076,7.161238189454035,1
62.71137918187018,1.0,31.46604392223971,7.006511299886745,1.0,2.4755970716413396,0.0,-0.43513251305794987,-3.3368077236978793,-2.3933177920374704,-2.761515188124773,-1.0326574650283387,-3.6564784078788755,-3.212192537750905,-1.345634640078786,-2.2677454202944904,-4.040374491637995,2.8848134829671737,2.898837124896647,2.616776403617202,2.6783370535558926,2.2074329384920626,2.614297247881878,2.1077216547094073,2.640064221912853,11.951490504604203,1
46.300437528251095,1.0,31.29448321014281,7.405454887069924,1.0,5.718256851215985,0.0,-0.47507771303795077,-2.589254141710259,-1.2289606866770266,-2.1046926009625686,-0.8183841813596575,-1.8500213123227134,-2.7355082796173464,0.002593244309931908,0.3544987029002702,-4.471699387418966,3.361272355219194,2.416063145493648,1.8959508000483891,1.2275940131717478,2.582346347288421,2.216297843991838,1.6002403308461695,2.5237752995163127,8.896594887004172,1
40.34463127162227,1.0,30.54220667103476,5.792381947865781,0.0,0.0,1.0,0.32199741686659444,-3.1660796370942794,-2.358619760685485,-2.302768433071193,-0.2905281341396758,-2.7521359013544227,-2.3080935662860216,-1.5718931887185685,-1.2181600097935215,-3.8323890158558362,2.4874239721520452,2.8248555934008497,2.038277588822068,1.5616706613772995,1.2008143257926585,2.228347406365969,2.4442145208851698,0.28253429606697944,4.520143757182231,0
45.537553014314504,1.0,44.76734794774228,5.915149875741591,0.0,0.0,1.0,-0.9169869511759844,-1.5675844566068675,-2.538750853122467,-2.0667905889199276,-1.063726836097569,-2.348196111807023,-0.46444161012935914,-0.8467794458048608,-2.3291366841627004,-3.8289499757686087,2.1184894317114624,2.2271384775889826,1.7106658761590403,0.7515809926710604,1.080080329462433,1.39622596493549,2.0561743600732294,0.8455210591611213,15.650643809343352,1
50.667464703983434,0.0,35.838799820335,5.573802610730831,0.0,0.0,1.0,0.08082817973846679,-2.9127240323942463,-3.4101320355626683,-1.640102527689255,-1.679451309507649,-1.9009062479775496,-0.5539185098181827,-1.5288328666566673,-1.1799096752609923,-3.7800535694146244,1.4748310720587932,2.2043201205564786,1.5243228484850389,0.6083380582404413,0.3123868336245299,2.3753502892811804,1.269859934681809,0.8392527821585886,12.754118543021718,1
49.94230694299082,1.0,38.49041574482133,7.276217504120025,1.0,20.817279640153266,0.0,0.8989410611832915,-2.7987159110456346,-2.7090787975059394,-2.0891031790766874,-1.0441955416848292,-2.891057354947147,-1.044798858451131,-1.8560475411177664,-0.30146976443537576,-3.7608751093903106,1.815038933940384,2.092251330620127,2.3521821320373815,1.3530331320943652,2.300493735375264,2.7823229109911347,2.6353773109455587,0.5872962533951738,5.023781675942091,1
36.07173120543297,1.0,32.29915139346485,5.6401084679083855,0.0,0.0,1.0,1.6923442185428765,-2.909452339408955,-1.745909532983787,-1.8925185957649016,-0.64448213436263,-1.7863205593656213,-0.2420951367877422,-0.04315665922473033,-1.1450809736782668,-2.2720789361023206,2.109485003680067,2.3001145369118774,2.5333112888185636,0.9716526238869911,1.9182850820135722,2.717758499074647,2.992866973837051,1.4217541527094013,13.026537970670514,1
48.995387597906614,1.0,33.66319495266278,8.081421240887737,1.0,14.113162888232809,1.0,-0.2256622989346897,-3.5620493707079746,-3.2412941574277623,-2.6923626280048456,-1.061162976734095,-4.429889772116779,-2.3096873433520337,-0.9499986180573872,-1.2174511369070777,-3.80136434184359,2.7966721692158876,1.7611480444612055,1.0802400668671273,-0.2314123931009986,1.7255965818226313,2.5258909365184214,2.4781438319229503,0.7538083494976534,3.021139884518397,0
50.510511631527955,1.0,31.289007083833404,8.271929408051939,1.0,4.295646411871966,0.0,-0.7174983274262289,-2.6465276933820885,-3.9790837191595902,-1.6608214512710928,-1.2619228637896707,-1.7702547355609766,-3.056305494999667,-1.0824854620906816,-1.8118655304216642,-3.4732346316841305,1.9618714054792001,2.2981833639681595,2.6065393118614937,2.0851033346389056,2.374103834921384,2.9999936896524995,3.317483528325004,1.608798557551962,12.794620427627985,1
75.0,1.0,27.0,5.460326100756068,0.0,0.0,0.0,-0.6958747721697157,-2.537102832063636,-1.7784369249202054,-0.7027026249759327,0.15229864185654052,-2.7586301075598985,-2.088225373128913,-2.1095439629152555,-0.37562702373126555,-3.305524474388121,2.065435081710623,2.335223596599868,1.3701336702806177,0.8813657490238931,0.9903727686141345,2.7797965061759506,2.405311981186153,1.8703540592344414,5.666688421278881,1
68.64529072409837,0.0,28.2989582541846,8.469432824662789,1.0,3.476276362614597,0.0,1.5841838951770457,-1.7920467753842058,-1.244744182927746,-1.451706041701823,0.38959659200587915,-1.9149106686514217,-1.158424670287534,-0.16056116841795842,-0.7835468844942067,-2.7331685647736945,1.3224303182514863,3.1547325522770127,1.0790882297943714,0.30790951861385263,1.097998451162641,2.816262719706723,2.162063841290417,0.9437842825577365,-1.2454081965252595,0
38.61432314385298,0.0,27.0,5.7472863795142395,0.0,0.0,1.0,0.879861420368521,-2.4799993378302094,-1.4906188162494405,-1.893081921590847,-1.2703201291471231,-1.2516515304867328,-0.2379899442559732,-0.2761832327473631,-1.1790317781220307,-2.643121953200378,1.8244235392129036,1.5531301781747864,2.1904655638168586,1.3365747891192654,2.284154367054012,2.704064881670069,1.025135007966957,0.567072869978305,8.468066540808316,1
44.83878302295906,1.0,27.0,9.02085511222454,1.0,14.780255458210364,0.0,1.505861956717172,-2.478108460314797,-2.139522482886831,-0.24990390453292566,-0.18282679519946227,-0.8334667785220786,-1.856626991244874,-0.3545495452251516,0.6305676877766773,-2.1221843198755104,2.578922783508025,2.4082583629402547,1.7589784127590467,0.6211872823210559,2.1637372477180854,2.786373452363733,2.636970060963281,1.1068559075153583,9.992939164335356,1
31.902137979792965,1.0,29.120884615658536,9.556152997391804,1.0,5.545024307395071,1.0,0.18879640618576304,-3.5490342643983457,-1.5174283662134977,-2.4849784959270065,-0.8988108348061115,-3.5946089453289285,-0.7846167726616504,-0.6445955198743761,-1.4720601878120116,-3.7305799080924826,2.4057726553398857,1.806659977773668,1.7637060760325924,-0.28195402203702824,0.5884776763515507,1.8979633339130273,3.0125603184993572,0.0908977619213267,0.9585351850397608,0
41.50222284640165,1.0,40.46230055721734,6.646942247474617,1.0,9.822404492785864,1.0,1.6287256393941059,-2.4441751745672513,-2.440963328280853,-2.8537882131982593,-1.0696153623085924,-3.5888540061025305,-2.138881407339851,-0.9540214454034999,-1.763256063806856,-2.792802234316735,1.5538516444760821,2.320747087542849,2.668060806970181,1.2466913406793205,2.116453971062298,2.447735689271236,2.141163795823463,1.4044630523733943,12.040836420830553,1
51.47165503949375,1.0,34.30003724533041,5.5236444194282885,0.0,0.0,1.0,-0.17866772762578553,-2.753696021988771,-0.7995699658995032,-1.9504558103269483,-0.2774915393863717,-3.4875057671398886,-0.5032503962047222,-1.4513845083513388,-0.5485119582043199,-2.7771552587242385,1.9050263656243374,2.7402928344348965,1.1093226195188755,1.4249817991411484,1.6707033693018594,2.346701322543661,1.4266999087930592,0.6625618811060444,19.881029766290368,1
61.26438982977057,0.0,40.30753693044528,5.540226869053354,0.0,0.0,1.0,0.8892634920166451,-1.9259012260141963,-2.0258530678694173,-0.7924418452278239,-0.7634427633860699,-1.673919122283595,-1.409866661925382,-0.6349793651891451,-1.2614216521736783,-2.4438138690286477,3.019190883879907,2.672965869746382,2.401614034510696,1.0355928887293078,1.9906591344130717,2.1180607231958155,2.5611634814098085,1.699667952309941,11.36246085941766,1
39.98007778482031,1.0,36.349421596053936,5.556671778549774,0.0,0.0,0.0,-0.45975496135341365,-2.7153950916091674,-2.2208345812709025,-2.428806942249573,-0.9499522213247931,-2.724632038995431,-2.227453902965045,-1.6406387303826293,-2.3425820991191686,-1.643516614137633,2.4923688363110106,2.0800580286202033,1.7547230108847307,1.370937544427023,1.6382789703967786,2.385240235641554,3.251331310807443,0.9530897727038657,13.307283724236324,1
40.804389159254235,1.0,38.02151471571822,5.8637791657214935,0.0,0.0,1.0,1.2472949281665482,-2.098790117976496,-0.8020403111706857,-2.677573979379102,-2.099998827129888,-2.7510447054557723,-2.4544909415214153,-1.478030945501558,-1.294162424897488,-2.3001642666954205,2.9482510808533893,2.1243310470597745,2.422941099034797,1.7184160895107112,1.7628566868646902,2.173244354708769,1.5250888737702668,1.0830814723143998,19.810063376764948,1
24.379820672874796,0.0,30.44596352112941,5.1198879064380485,0.0,0.0,0.0,-0.5106111874201709,-2.619230775376873,-2.2306552224243403,-1.7927953087626314,-1.1596375379887256,-1.7948712646794955,-1.6991479198920114,-0.12908412982386963,-1.8488199869959936,-2.3623910435022135,2.615731188771394,2.033694963397608,2.008069449305405,0.4097289902737472,1.5122335813231838,1.8395854034544774,2.0972898553441803,0.8851346058033007,10.918358786582285,1
46.21067487400602,1.0,36.85777929386702,5.561495159657698,0.0,0.0,1.0,0.35226521555157714,-2.8623172628858513,-1.62272912913324,-1.9980565711979161,-2.480047436589843,-4.9078904198175515,-1.1910401161367736,-0.8269222780914329,-0.4015353264654905,-3.073234468211068,1.58578031825744,1.85199161700399,1.1185043564993054,0.026287996886288578,1.725700199761764,1.8829997601059687,0.7492342565808199,0.4044061402029615,7.661530638207667,1
36.313441469544806,1.0,37.779214053334556,6.754808774497296,1.0,4.623502962205355,1.0,-0.6341078415983131,-3.276373775461307,-2.4351894057724515,-2.955011235347035,-0.01303808625800218,-1.3495745674488802,-1.3714401336206206,-1.3693780963292317,-2.339308148414495,-2.0011309218369098,2.8488270282909585,2.3008527831671777,2.889198631921034,1.035145387258974,2.2496215715059225,3.3519282486037913,2.926153496082486,1.0542756080812041,10.06308462571224,1
42.176166298973186,0.0,31.905087184948382,4.892885976071982,0.0,0.0,1.0,0.46104544867923725,-2.795333823676149,-1.686553196341649,-2.177956621141347,-0.5314411827179967,-3.5148875104626933,-0.9013105479452206,-1.3327376307086116,-0.5845015649529268,-2.932226147134915,1.734518853847061,2.9172402073690393,1.5336264414397578,1.5647306702947914,1.5371672801187772,2.5917303090934407,1.644727162897023,0.9509876832700673,10.935442703613816,1
38.35453144015653,1.0,37.01793166777275,5.562876338273019,0.0,0.0,1.0,0.29104023297281734,-3.5466463080323263,-1.7237817055285698,-2.580793766094229,-1.205832686673216,-2.8151540874246574,-1.7327712323915894,-2.667270453691073,-1.8804147992557476,-2.7025620658354623,1.7748161717361666,2.4139857657470767,1.874485805553482,1.2739999859100908,1.4316727122748394,1.976979606645176,2.2698680315175155,0.6842202416937757,18.101622898894725,1
46.96311190322187,1.0,37.04784491358675,6.390375819571224,1.0,7.104812138606604,0.0,0.09732957238087792,-2.8743485722953435,-2.032051899400154,-2.014611004633653,-1.4597958397749962,-2.7706009165882666,-1.0679636675895563,-2.087081819238958,-1.7978932593210575,-3.999011896849333,2.9470535158535527,2.6958445057040286,2.068959356389151,1.6401051075336859,2.0072285630632747,2.0121260945177437,2.004342441683628,1.987415773997582,9.346029045427263,1
28.664987695077055,1.0,32.027013204914624,7.8577281964145875,1.0,11.135354893094352,1.0,1.1531055603922762,-2.40562627188329,-2.3697114017697656,-1.6156987880362996,-1.3098487218620738,-3.20592070110551,-2.5830917096477957,-2.1219445028953787,-0.6509357716537791,-3.479244791399716,2.3503306087067495,1.5954228346189785,1.9414876986963525,0.7098123137112606,1.1030818936171825,1.7053888868942741,2.4954743442424365,0.09321950163277926,6.354824450162333,1
31.862502300699102,0.0,29.447542054780524,7.766013679487145,1.0,11.451029299339403,1.0,0.7729800981211831,-3.0961810488994823,-1.4822086102312442,-2.445504373139014,-0.6154629183306792,-2.5023575247354235,0.059869044082770495,-0.6252744404247336,-1.5120506273497216,-2.1859322097310674,1.7974807553363057,2.3650511018679437,2.649641547319884,1.487282694914156,1.426996674770492,3.3521844371676703,1.8200069319892962,1.5419745924371049,10.53301618487524,1
71.42171823231128,1.0,29.171422506457773,8.237210168453027,1.0,1.7109863682273583,1.0,2.1105395763881662,-3.2225600430472077,-2.32769960437907,-1.8112593248914044,-0.7631923483601601,-2.6443054331467604,-2.3369391228074474,-0.2893677475015969,-2.2107052359011004,-2.97137598786689,2.5926707874513286,2.1325348522579897,2.346251982296205,0.996282386956154,2.16353375050742,1.7479682265077368,2.5096359477119874,1.1609142663472438,10.757464237607278,1
33.83835160598566,1.0,34.88927493864658,10.004450143059387,1.0,9.771048552077733,0.0,1.2366644734085583,-2.3297879590019397,-2.4218941113026897,-2.6142013522855487,-0.7825716161492837,-3.0681306229894165,-1.4714485547930984,-2.249694037351884,-0.9425120743591773,-2.864287671051534,2.989822269780693,2.7517435051169037,2.927345317094825,1.87612973706827,2.198311657387716,3.4460517479968775,3.2981323285853694,2.183341599805482,12.514120102429397,1
35.93535863699896,1.0,35.97154440955192,7.905018484331931,1.0,2.098569075905738,0.0,0.5518691154819817,-1.4669032181036283,-1.9837266143793697,-2.0461723262658333,-0.8021351478089328,-2.5085364774636303,-1.4548238922508154,-1.6647856502755103,-2.6263460778167222,-3.2611211510635405,0.9246191752248898,1.4095287312338587,2.024875288566541,0.012244045234559131,1.5860896808074212,2.361506626308222,1.4967660356020989,-0.1667270672939274,8.067635657427857,1
68.20604881153446,1.0,30.933633762939383,5.09063649913241,0.0,0.0,1.0,0.6878605330295119,-2.397136871461485,-1.0045664837004389,-0.10901308960190303,0.4723565019557928,-0.9257743877741937,-0.23371457502436588,0.7639302687356428,0.8713713684082711,-1.1249761673111711,1.9586524412312438,3.5061803244171257,1.7350171376380397,0.8807587213160224,1.310632374194443,3.1435710685769465,2.297786885858222,1.0963044623227123,11.16441337034469,1
75.0,0.0,34.619634035967444,6.414682538245942,1.0,9.98002514791296,0.0,0.9651041171396684,-2.5560144993558143,-1.8720068131262593,-1.8875278633592658,-0.055546689247702674,-2.823209649478284,-1.5200398400376771,-2.7064449945155546,-0.2001475211040531,-2.9076963273021827,3.1480844103172103,3.1579028268561635,1.9458289442330259,0.8939370214062601,2.5934785970512912,2.9067245117748355,1.9330262925865607,0.7331818721048581,5.866975078594907,1
35.112767082921245,1.0,37.06741666262318,6.104596400319835,0.0,0.0,1.0,0.7644643498692616,-1.3799724786780154,-1.3718605963152894,-0.3214722740616054,-0.8363753376276237,-0.34100339837834914,-0.04107024489069211,-0.2591232223487405,0.47761855147604004,-2.6858728621741577,1.6303767708801447,1.5505468746264626,0.459152756672077,-0.06714216257497974,0.5307178966921247,1.4926543288883616,2.3304464937122447,0.4602728050746585,15.433627111275984,1
43.94926147533167,1.0,37.28185821599386,5.33818110306755,0.0,0.0,1.0,0.16910809698440496,-1.598491265889184,-3.1515439988968765,-1.481470489861843,-0.23926277530087608,-1.0969179540367893,-2.367456846926327,-0.010621822807894254,-1.47344290919643,-2.9309120408011915,2.199455097353471,2.7398261892619,1.9147313429711124,1.4176051221014523,1.9911643695969903,2.732397160682033,3.848129062685387,2.0880587935851147,14.288323247055708,1
51.75711106034561,1.0,41.4834605405512,5.491026328878314,0.0,0.0,1.0,-0.5776035095678346,-3.75739728393289,-2.261458890851149,-3.0812206067386243,-0.7112734241466618,-3.510274474026259,-2.941491463730332,-2.2637278698934478,-1.813111499850748,-3.706982616154878,1.6509668091759615,2.44397526673005,1.3813206348476488,1.1351239520554914,0.8527179855717566,1.6875945548624804,2.1370492917705786,1.4771030497370636,10.50144096320901,1
67.01567408846151,0.0,40.24641374489119,5.359025970612816,0.0,0.0,0.0,0.4273680946662387,-2.0686834621904517,-1.0717250525466442,-1.713492612947925,-1.060091902907186,-2.2850963754662517,-1.0086474315508804,-1.9884605727485287,-1.7982473480638554,-3.2356681518235573,2.601586609251808,3.09032152424651,2.451828057019496,1.5872381427766022,1.860233989410595,3.2814455477293927,3.2367694223781354,1.7583328605384605,9.9149355377488,1
37.14457213728939,1.0,29.994188552595553,7.556991186661791,1.0,5.631042272947242,1.0,0.23374224902369878,-3.2285088374252173,-1.694311414083992,-3.037560977102459,-1.9972324057557462,-3.186084920301585,-2.1051898537411553,-2.6882491427728983,-2.3096076301100137,-3.707039324745507,2.229844374932805,3.3470662612062974,2.211212474605624,1.458471017809611,2.271306300786477,2.815464539311899,2.251900019865594,1.7957395383032222,16.010139509332014,1
45.30194369463679,0.0,42.0761379429211,5.417697273684948,0.0,0.0,0.0,0.0853616423822835,-2.5963034780699523,-2.559449538880562,-0.9324904132299133,-0.25978799235443245,-3.0080456637158846,-1.457006334905195,-1.1300380289583192,-0.4836063902744494,-3.1348013124650285,2.276746993986607,3.5037686725616437,2.6956487120826074,1.266516634395654,2.485205280464803,3.12721688327212,3.441882111127784,1.6125499546769446,12.330188093745436,1
56.55071333667919,1.0,32.110605729499284,6.360385262007796,0.0,0.0,0.0,1.013870958176459,-2.3537794305399693,-0.6974531022920418,-0.44045061641294114,0.138815346966504,-2.0596863834978345,-0.554728931683676,-0.6852633435034874,0.46247331423974347,-2.0172853684918426,2.4132056890157143,2.4907897778635975,2.060530830080381,0.7817379441905496,2.0448428401351113,2.807292237905252,3.0623467695715787,1.4963381765850452,15.403291179736135,1
52.7824268191328,1.0,39.20192765604492,5.987224822340989,0.0,0.0,1.0,0.07548589398973021,-3.0580153722114396,-3.0808441853640502,-1.7894413589714664,-1.48859657898698,-2.1416161015381068,-2.688691087100066,-1.5166812862055965,-0.9158810161866697,-4.57344078114313,2.0528962950511187,2.8351986659242434,1.6066353673229483,1.6896374430737344,2.380622150762833,3.3453623251037072,2.7877230612560835,1.3842694443717485,13.027995642962566,1
43.86228321646891,0.0,34.8059398172299,8.952313289415114,1.0,9.327818583920081,0.0,2.0146124350337486,-2.3535942723682672,-1.4153923433804865,-0.8917481903140025,0.47935790231315123,-1.6643941366474122,-0.14641529072586135,-0.09912202202859333,0.6754761277096268,-1.5546271151803726,2.3655126357832175,2.73520839203313,1.7907334665656194,1.9052907723998236,2.2379475257353696,2.3445281137559393,3.462157233234694,1.6880130603204782,9.445626178604101,1
46.52794739032355,0.0,32.64532779694365,5.72665093607159,0.0,0.0,0.0,1.9717084159064697,-1.3746337879907382,-2.5817912986048235,0.5054546657854966,-0.22898496939346275,-0.7540800502768057,-0.6368572170932486,0.36885049446038165,-0.845925029336534,-1.5010430163673192,1.6435381742900081,1.7808509860913784,2.391009516880396,1.9188939341126046,2.261727058582026,3.28879556192862,3.1199234493376533,1.8624261374682443,10.371039763763964,1
32.8761461079302,1.0,27.0,6.066960267197211,1.0,4.57685621905161,0.0,0.19744756368447566,-1.48758880014919,-1.4466131528247428,-0.8358430161895791,-1.6958126105695417,-2.364890071151761,-1.0321850166216175,-0.8294355704320224,-0.41553746022703597,-2.752856668656387,2.4974250726865552,2.8758457035077885,2.551661513654827,1.0689449983515755,2.3505236070479136,3.5657856840023356,2.632584105474236,1.5687687671571966,6.344343378326154,1
45.38008881627868,0.0,33.72795970402643,8.63685298298977,1.0,7.691181051935207,1.0,0.4390296840277045,-1.7011285570591546,-3.4061011026328574,-1.4789745557844425,-0.8581360058950228,-3.1889818046170966,-1.408809458497733,-0.47807429593245465,-0.6251215220677818,-2.854808109473234,2.5859277855431992,2.257118526151895,1.3183539188241427,1.647797660319918,1.5374677411036632,2.5394663382806852,2.0296110640271996,1.9232862817157754,12.585454673194107,1
45.069737609901495,1.0,27.48277544112476,5.856828821182621,0.0,0.0,1.0,1.1005927710087589,-1.7042626555547504,-1.649373874682167,-1.8900445564540842,-0.726277914598252,-1.6691531541147038,-1.202855342344038,-1.5890924971286156,-2.1899629026798055,-2.0938343494409484,2.8119056949704087,2.572377417575471,1.5451485930103397,1.050506839959736,2.0844193862856795,2.7348430869077225,2.507205533793446,1.5635926139149434,12.430178049917753,1
50.55386878588882,1.0,38.85284656129247,6.917429517286472,1.0,4.763061701831176,0.0,-0.03742273781137906,-2.505505453501949,-1.1916370708776776,-2.631247755592997,-0.6939559647595275,-2.68489867513392,-1.3220022384057522,-0.40954260002337284,-2.1670670471529005,-2.4659782692790153,2.7552777388988954,2.659092339020518,2.41268511390785,0.9211462166792168,3.2263575045998842,2.792836386980709,2.8163849638154184,2.005828868953616,14.446364814434439,1
41.89140059299083,0.0,41.32556695712662,5.866118287866764,0.0,0.0,0.0,1.2252190199949613,-2.4508442699646613,-1.8468651733861579,-1.2714903441104748,-0.07662705706514517,-1.7801096161422842,-0.7466377860620597,-1.4557555959519344,-0.28506986790078104,-1.6072019305181595,2.0535256925596754,2.4057132024573447,1.900360614410492,0.6324919489226459,1.838339110118383,1.6274941625011374,3.008248875475418,1.6326949552726344,6.326699452117336,1
53.18692374799653,1.0,30.913900548164893,5.33554716277315,0.0,0.0,1.0,0.5488663149522386,-3.6676164176105983,-2.3212446713471953,-1.917601099855049,-1.6305683491997471,-3.0969170518668503,-2.8450498439330465,-1.275673617688323,-1.634629406624077,-4.34592536552324,2.683473414592026,1.6983940936040094,1.4628820271268457,1.7015805673116209,3.8149094162480317,3.4366172255290417,3.232765497578553,2.038012316144863,10.37237810809495,1
59.13987399601812,0.0,35.85886834133672,7.539825119465801,1.0,3.539882920437286,0.0,0.6811718892655845,-2.5439376303583217,-1.5388005771001383,-1.9129274558395877,-1.0422918453100776,-2.9967304646824955,-1.9008024529603331,-1.2610657515921706,-1.272421117283761,-2.9919013249852093,1.7915016825738976,2.8438559409404145,1.3726384278777384,0.40198920243144065,0.8674618119557799,2.699025122325061,2.0484560528705784,1.1230762567271242,7.533079981896588,1
49.709722604353125,1.0,31.23573815096411,8.8822392988722,1.0,6.5854041980825055,1.0,0.061344360802784714,-2.981870998358012,-0.371771921747559,-2.1590021569949656,-0.8957123010006331,-0.18899458368059907,-0.8853655021118199,-1.780085528806295,-0.46595911110688737,-3.0972341806360455,2.2907576377695893,1.877261303775267,1.4659681596384715,0.6221052657962055,0.7729192104292966,1.921977193910466,1.4051309481698226,1.1610237994104178,13.895947786788987,1
51.86932049239124,0.0,31.671818714384447,5.637023613071838,0.0,0.0,1.0,1.1272492062440778,-2.503557859303469,-2.1047641189838195,-0.5122615417658922,0.13787672269786455,-1.4279921022856465,-0.7164260108492193,-0.9830388837751576,-0.3974801739839391,-1.4581473875964164,2.6965826383800944,1.947249151177611,1.7990597127032246,2.0743033902756904,1.3985096739126095,2.8307911756538746,2.4984088018460158,1.9893174904714874,10.204277957951478,1
48.58470882335654,1.0,37.985226167394174,7.507028130337379,1.0,5.374520119410041,1.0,0.5077904348140427,-1.2121228128583001,-0.9966720039591244,-1.1353599219962554,0.11563816304675589,-1.8395226065825425,-1.7790566945613058,-0.7802405231479576,-0.6754486803061471,-2.5918347389957987,2.4772801048144437,2.3337387409884487,2.038332001606465,1.2527754891798046,1.7722398727481397,1.9529007104826,2.9386818650446913,1.919971947477006,17.436936766793906,1
48.00092832400556,1.0,34.326577821704646,4.933324862958642,0.0,0.0,1.0,0.6701416149637559,-2.4894826066084583,-1.3413309231544193,-1.116357770470763,-0.18918284974711497,-3.1327608053229388,-0.08268061475135768,-0.9670544118018435,-1.0350563428390545,-2.716215911712202,1.6734865838780855,2.0840228768037745,1.5835285547778948,0.2815561066970853,0.4245545041941219,1.6878581621651678,1.601662765846725,0.04912439423440329,11.589215239657534,1
40.06286163102868,1.0,42.32841618868955,4.980605925865887,1.0,4.377096070125715,1.0,0.009270675147570795,-1.5796385333974452,-0.8335762761462588,-1.1154730675119144,-0.25150713925772505,-1.6599809051705825,-0.9824884319206575,-0.8567496111399286,-0.6115831011813783,-2.6167228789661485,2.406186658451287,3.1819399072569534,2.6689624713496474,1.458705296622488,1.1821034028403057,3.1262075500022917,2.6889782166343705,1.8335679262304518,16.74649804070392,1
51.48143687840639,1.0,32.329953845836854,8.737164784732789,1.0,2.856588762785883,1.0,0.6018114112027461,-2.376322893470457,-1.4532974763381934,-2.038359444820417,0.0208721209072128,-2.9281660175579294,-1.7741683280118972,-1.486235169608063,-1.988535150622769,-2.1451084661180424,3.461661680181508,2.511093264904112,0.8200849788754347,0.6571341094703131,1.9455672238186794,2.55121780072333,1.738104334638162,0.571248186722897,13.053725410190971,1
46.92984741745162,1.0,38.9970134961352,6.299304370572918,1.0,6.691092120741062,0.0,-0.3752419809518378,-3.395102428711456,-1.4984922240887353,-2.424181479542571,-1.0203512585052885,-3.5069151545694233,-1.3267255314803295,-0.9565929281687358,-1.0740810113452801,-2.665896766253661,2.0872345905095626,1.7296550584660992,1.9934778713399397,0.7686867082404055,1.2247979130790583,1.9143458669374005,2.172612336446072,1.078677869441091,8.831544453850945,1
71.02485139823655,1.0,34.93836035831002,7.965195042802628,1.0,1.7185669554920446,0.0,0.45887128881558137,-2.9723627971666913,-2.6711308876599187,-1.0891143818181006,-0.11300057477424275,-2.9475637195035183,-1.5025435040117652,-1.4309440266932234,-2.1111503821921023,-2.798054740239564,2.421174361917556,2.6475245621026735,2.0387250812557434,0.7374843404708359,1.40278045325199,2.3179954234066478,3.310560068820018,0.7462371137133325,11.189507823205803,1
65.30690392722767,1.0,38.08100104384905,5.616039593296793,0.0,0.0,1.0,0.06760586860864337,-3.430168694917092,-3.3719659777261004,-3.429410594015186,-1.5701241275286355,-3.3074680590613803,-2.855597354121699,-1.5810950129115022,-2.123319159818495,-3.1941991383990915,2.0486140980098657,2.453483588157197,1.7550329269255847,1.6311779001518358,1.623825353731908,2.438622758493148,2.7431568122695373,2.277188343078375,12.93642661354726,1
52.24431207812151,1.0,32.48779054201524,8.793045030610228,1.0,10.842084271346097,0.0,0.2536713678498338,-3.241080788017253,-2.121547611722932,-2.88145328266552,-0.5633674745721059,-3.4319435853601767,-1.2384717400249468,-1.726571022692803,-0.900406511260242,-3.8100784618853014,3.1444990243689968,2.762652397594814,2.2902356793694594,1.5345352495690565,2.1891657206237682,2.5032994930034156,3.133319361254805,1.8259507584311923,7.8192336157338325,1
39.606370693357555,1.0,34.276985231017875,8.206016818982894,1.0,7.0252294096789605,1.0,-0.1422157605830563,-2.504302958533351,-1.26858628380849,-0.5609352726867096,-0.31094349479642197,-0.9668029091714316,-1.2724794070909085,-0.04889338194322068,-1.4584371330908732,-2.096182668728432,2.2730862867108117,1.7902201257993133,1.8223400801812608,0.02406023748273567,1.1260711303377169,1.8936196880131706,2.0792503858873754,1.8775979111098846,15.06708748650479,1
35.763473808182404,0.0,33.98025504315479,4.98498045909702,1.0,9.018615515366672,1.0,-1.4733544326851566,-4.096194086175252,-2.5358171372865717,-3.533607553216048,-1.2647956317406104,-2.793471412887436,-2.682950783099877,-2.73770104774089,-2.5662735736055904,-4.425843374064843,2.643144479399262,3.4337472479097397,2.7048440154740656,2.2184486701575095,3.283792783786131,2.924487614615643,2.6467431483236274,2.3233416970862724,11.69405174969302,1
61.10257248397752,0.0,30.737742983193957,4.934064209942269,0.0,0.0,1.0,0.31902915358726586,-2.5518331064746995,-2.2299875438677086,-0.6682049255121991,-0.9536848344188954,-1.4641892647080577,-2.015619903573391,-1.0335685088568896,-0.3772117814043636,-1.8417331354622388,2.2977929275626523,2.620291745246446,1.9026944973458293,0.8982543174782028,2.567798773097001,2.1258134127907935,2.741294224057897,1.6992125902770183,10.98225803158251,1
50.89024147661852,0.0,37.47936690561789,5.313268166010992,0.0,0.0,0.0,0.06379368183981193,-2.301703096458013,-1.7049890095812539,-2.129490298479581,-0.1825052496829685,-1.1637878748817452,-0.9629953615294673,-0.5641855061429786,-0.5554635242036694,-3.453284562898774,1.3525920214578535,1.664183158814017,1.1412785203058204,0.9029893921814397,1.0802014676778349,1.9943855334898295,1.1102132637268525,1.8893756224236877,13.670515737062736,1
53.28157743730772,1.0,37.42612052510264,5.811194561134452,0.0,0.0,0.0,0.7681797385650311,-3.2330964726685205,-2.4956281892634573,-0.42534325663705386,-0.6718956563161032,-2.931950787268337,-0.6966823752244019,-1.7416693873839615,-1.565130721854076,-1.9482667044312856,2.342717371243698,2.791492074543175,1.8105863280684997,0.8968508464993632,2.7375832461328153,1.7629962515570194,2.5301637711883327,0.8132601189435318,15.98706020375345,1
28.80955414328388,0.0,37.17099612707505,5.31029863376591,0.0,0.0,1.0,0.4342140522463675,-3.758285532248175,-1.8976992544124243,-2.2911696396255263,0.21631130847760638,-3.0201095759180756,-0.9349823855573428,-0.06536569355240074,-1.82701810431197,-2.9342935655189386,2.0569993073617967,2.0519057791068684,1.282947836105405,0.9052887176814007,0.1929049504999285,1.9332750280333628,1.825103203202218,0.19665809807999657,9.948839943706032,1
58.20182329713999,1.0,41.4163454426294,5.257084836649826,0.0,0.0,0.0,0.7109002193155605,-3.1336796242758966,-1.8621245994646223,-1.976784633973282,-0.8157041796215901,-2.535832205493346,-1.5165177618490524,-1.1483023541059247,-1.7538469948129811,-3.26003429934912,3.20793123286963,2.5362744331467573,2.1446221670786505,1.1376740247667076,1.94542580937636,3.4333615710132896,3.89095254324131,2.1776824773246077,-0.0712881857987,0
52.99862372035799,1.0,41.02205160556336,4.862527380326377,0.0,0.0,1.0,0.3051299289401357,-2.6667458904626216,-2.359529100927369,-1.6778576890947663,-1.934592612286187,-3.257137569919933,-2.0086958071749588,-2.121160789511653,-0.5949256526057443,-3.0834524306890305,2.9527962601830624,3.704997567125762,2.6619498194383793,2.566752539746352,2.9069925507663745,3.4401118713192016,3.3511525852810045,1.3032772358667162,19.443277744882483,1
35.785262471440745,1.0,32.812748895678894,7.364297563190088,1.0,3.256887255639813,1.0,0.5414157425807227,-2.9126374665778205,-2.055811222879572,-2.7074702197572273,-0.9122061030683197,-3.3578988983907623,-1.9832786103883069,-3.2565730036046077,-2.5550200455081455,-2.375064587628997,2.47527155626769,1.7211878385456112,0.9710656739356431,0.9363306578552024,0.8923636163959143,2.1650977303728243,2.0366692272443836,1.0661726714513307,7.980312094443159,1
42.81322711805056,0.0,36.1787354329538,5.788999774498858,0.0,0.0,1.0,1.064318199286034,-1.3790008687379636,-0.506814528412064,-0.6277687743897871,-0.13908948070705673,-2.4852641207871486,-0.07499282565613985,-0.42768436027762124,1.1210606152129656,-2.157753299333827,1.757527155774739,2.777204467523098,1.8771833113884673,1.3403876622383937,1.1504687185576763,2.3729383200941294,2.7930059449084976,1.7906504266944656,14.085007233171185,1
50.90088924792172,1.0,31.693796898338043,7.0989706262597005,1.0,8.969257565623192,1.0,1.9783166838243842,-2.1650888909487005,-0.5110520023310308,0.12275284652478224,-0.3876800964298236,-2.0127490230867453,-1.4278982043068105,-1.337259266517016,-0.23374201228057823,-2.2762280590509283,1.8216243902453635,2.0086423515806606,1.2019092507314708,0.469879156460279,0.6389560285191491,1.968097077513273,2.141140679634428,0.4790098758228536,10.799953199880434,1
48.57713478191868,1.0,34.6050989225155,5.838703885372816,0.0,0.0,0.0,0.44189305855210903,-2.168491955362083,-3.221598590798244,-1.0426622966749601,-0.8420622826823297,-2.166392346247279,-1.062123849845633,-0.2064809077916313,-1.2155501953094496,-4.082503350875162,2.2456362304032935,2.3570004149307673,2.4996433115489216,0.9529317482731419,1.5194133058694161,2.142967647486144,1.7462037262967136,1.5028075884997572,12.8277608633087,1
44.786116956160896,0.0,31.80112747896511,6.400508022194474,1.0,7.465620863770521,0.0,0.4457020907628487,-2.4335945969349195,-2.6935824656516214,-1.7946639249299565,-0.9332364211858549,-3.545085333965514,-1.2761921471197877,-1.7676743227817466,-1.7980995721644908,-3.3601468871379057,2.218933522201713,2.497713848657109,2.647903057652237,2.0098911203042586,1.2181464566310896,3.045355234481381,2.6767030317134144,1.351397075138444,10.712083883063002,1
46.86162905127443,1.0,41.79031639111223,5.414484900687165,0.0,0.0,1.0,1.3883828779713174,-2.2847285545152767,-1.6047649856578434,-1.7623182419601828,0.019509231937557492,-1.2248215957392123,-0.5941873520171326,-0.2203938221043228,-0.3299756735967577,-3.132864897810837,2.496610212216765,1.6292902624184658,2.578192230877141,1.4432703355676129,1.3896562595974353,2.267286982449459,1.4779038333339187,1.0671777613994609,15.437549595582807,1
45.22824883972426,1.0,36.136641676543334,5.44268256355723,0.0,0.0,0.0,-0.30089506535931076,-2.9989307764025726,-2.810503083328546,-2.947283152957895,-2.4285691006601766,-4.1422260038200625,-2.506555842378864,-2.097960534934404,-2.6923375265844722,-3.6517603349946786,2.01036081365565,1.6554540870822367,2.0852583484263363,1.6229354407774006,1.6723596414963844,2.3314685190736193,2.4789300752810157,1.2793820597720866,17.295879169368256,1
49.67818763312715,0.0,33.5188689235301,7.7395536739254265,1.0,11.236069725274001,0.0,0.052933087273298984,-1.9041978350236444,-2.026568022965611,-1.2404808520750603,-0.3076511213696355,-3.296791100712042,-1.5140694565539854,-1.9997364546144831,-1.4174766110139194,-3.3532700142636718,1.650692470261288,1.8813634347484156,1.4815126214448147,0.9305358092594043,1.430918120342442,2.331949274423749,1.2864863437467546,1.279017437386535,9.764433362718457,1
64.18641170292473,1.0,39.87128357335369,4.5,1.0,8.035987298894458,0.0,0.7055704267878466,-3.499010368698394,-2.1432139699003527,-1.5462389869091773,-0.04906020393961441,-3.0176659424564845,-1.5450684487298276,-1.1305550223244702,-0.29588015156930125,-3.7451425359964583,2.302049530405107,3.9045777083031075,2.197615595302215,1.7226943915268693,3.616165303059282,3.303527556719607,2.9860889352078583,1.530703043499452,13.576453682272113,1
20.0,1.0,27.0,5.694569210954805,0.0,0.0,0.0,-0.3288820360568392,-0.7534451941734694,-1.9078942744004943,-2.890263031542621,-0.986139962891354,-4.4505419010703156,-1.6172032931899756,-0.9125662847502514,-2.1247706890881117,-3.3817811161374034,3.216959820325391,2.2293834373144548,2.4097562624941733,1.191371652609178,1.8947880634430345,2.064862232254006,3.145492177587514,1.42263900224586,14.660160358195533,1
45.39464709039348,0.0,27.0,5.337669845526998,0.0,0.0,1.0,1.13892332429513,-3.6529878854642606,-3.037945811470628,-2.239922323711898,-1.43097264066092,-3.0853958216683743,-2.7737403033097143,-1.5602143295453352,-1.8922602404258733,-2.9303769258185097,1.5709462046641796,2.897244419861149,1.6395242588786125,1.2180832023705883,2.1025394346668014,2.7794733995593375,1.287539541850104,1.5881660942708173,9.954721408045401,1
49.94163663509692,0.0,38.081273948488985,6.998808427668783,1.0,6.609893389632758,0.0,0.560319600384234,-2.3889946491823397,-2.9505332735830097,-1.5703607224014022,-0.8905846950112166,-2.708376975587531,-0.8901476483764629,-1.7164639771268213,-0.4619827007868753,-1.8187477921350665,2.239631742400923,2.2949168278906957,1.8666757590116743,0.2841333563915718,1.6580675597653842,1.6947662297725459,1.9436665189579623,1.145232333687396,9.436133954358834,1
51.2559338865581,1.0,34.77210801652816,5.417442454558104,1.0,5.187682112094546,1.0,1.0022275498914976,-3.1240973575896196,-3.5621308364674196,-1.3414226324978598,-0.697339826092935,-3.178228448649045,-0.9255663995335885,-1.9247019420128555,-1.7850675066349146,-2.670606977661282,2.9444222527925685,2.3070561796403375,2.893960117758835,1.9854883548577673,1.9704840377990804,2.400542129902414,1.9658996149026862,1.7297406071796315,12.910025813631387,1
43.90893960546581,0.0,35.62700835117342,6.026577351506229,0.0,0.0,0.0,-0.49088226529190193,-2.9938537602152424,-1.5447882402669872,-1.8212609020305113,0.12528706982272153,-1.735650828467484,-1.4133925016944784,-2.708052713483453,-2.127898461972703,-2.4338251221658407,1.8576295102755114,2.9825890055658695,1.6533914327722838,0.669140193289274,1.7658113491355873,2.12343724342542,2.224496801019475,1.705216936290552,11.126915660330289,1
28.676060392735593,1.0,28.53121753506653,5.268625816467501,0.0,0.0,1.0,-0.8402011362282297,-3.278893745097932,-2.2525589367934917,-1.2062516703078265,-1.270688257132367,-3.272190596000454,-1.920378108666131,-1.3497510754393407,-1.7687063108287666,-2.4666745152025165,2.3703375990012345,2.594654495308863,2.155250049996307,0.40123490860022015,1.9109699760069774,2.6232960583568494,2.7958802773408444,1.7037304242284612,11.651397593555064,1
51.6079503208552,1.0,34.39544830117335,5.675379901417863,0.0,0.0,0.0,-0.23931506642277756,-2.733711698635435,-1.8781800246599016,-2.2175450665421197,-0.19646034067637508,-2.4941675702349664,-1.0437227339621247,-1.0908591287534857,-1.0547415022896904,-3.212315472451039,2.1788308210366916,3.0192545570885247,1.9595263871248412,1.406460900580578,1.7453519056173525,2.9088964414914913,2.322832611498171,2.2966971346854597,17.72814700102596,1
67.00085235580603,1.0,43.51579234680604,7.9046545427413015,1.0,15.250948268371118,1.0,-0.10461736415297873,-1.859053649485392,-1.4787622470938222,-2.3685663963915067,-0.4415122504527135,-4.088204579219383,-2.050941254518541,-0.7483840534802448,-1.5206581766671659,-2.8642720618262545,3.5104176423353834,3.4647536412371442,3.4337193263953303,1.211112971300618,1.7400381658351392,2.9871659918558664,2.9466943201716203,1.8313077787650451,17.84140961475174,1
31.127524545922487,1.0,38.20889828908138,5.634668990471748,0.0,0.0,0.0,-2.0131049972161694,-3.738541516240635,-2.6759638912449284,-2.3408392986548594,-0.7425251009706637,-3.3613479864038047,-2.3480996891861596,-2.8538628377425903,-2.277862282718645,-4.502510319182322,1.3147188502202276,2.739158279757467,2.9220544321989474,1.8972792894809927,2.5072210467095823,2.956029099389746,2.2411027355058137,1.644760840010501,13.362406149165599,1
57.50210815068007,0.0,35.26367945314266,5.533064497136873,0.0,0.0,1.0,-1.0782960958443337,-3.9306367928547723,-1.6362917720365069,-2.495059116010167,-0.9826999033652576,-3.3682916599204895,-3.285051624668015,-1.2603796456150589,-3.4030851907148163,-3.9420853583598365,3.563352822104902,2.811779668527375,2.210281736342847,2.165701638561451,2.8932021456855654,2.768135371949313,2.8056183428406594,1.673168548070743,19.245880271935107,1
44.38622254564817,0.0,32.52425740452778,8.3672371431131,1.0,6.0249137289735195,0.0,0.3563080953199511,-2.4425632832134965,-2.4963119458800644,-3.1805376652985036,-1.4600779321834072,-3.399497862675778,-2.477752439170459,-1.0480687318038826,-2.5626484000858625,-3.113947547658454,2.341813627436654,3.1236527765525457,1.7664219793610012,1.8558551141388813,2.0491303521135085,3.9669782109628633,2.9182624176318184,1.7314526402047445,0.4832758869345115,0
47.32543219588268,1.0,32.72442216658773,5.480245616089513,0.0,0.0,0.0,0.5266376297743327,-1.8359120252155248,-1.8654288072907184,-1.028574780863324,-0.413430079020362,-1.910860761756505,-2.201807595843632,-2.7839306860456334,-1.0153511581281744,-2.4567462650060348,2.6448288362695953,2.452531755861311,1.1388762962778016,0.9511372915910323,1.522758731293682,1.637395213161133,2.09020126703144,0.10643866935285895,11.732702246191769,1
36.418116382256564,1.0,27.0,5.298155528875374,0.0,0.0,0.0,0.780401866521506,-2.860243647189938,-0.8906224980936284,-1.8725781694294783,-0.10875126156074982,-1.8490934857365542,-0.03039939099256106,-0.9902125456623336,-1.3385347297501606,-3.4469025915213023,2.0913878989067123,2.5505108082665937,2.005943833275778,0.9549759118020893,1.6845713468159365,2.129708264574212,2.274298126735188,1.2981160064326163,8.17831771210579,1
44.32098210408536,1.0,35.65938189414522,5.342680799580603,0.0,0.0,1.0,1.6418936053299786,-1.849532005611941,-1.155547004402623,0.991519641923847,0.5877745188193829,-2.4051205198899885,-0.7545736482588226,-0.9988249381362008,-0.7708192563060764,-2.2988915812650945,1.759850013259094,2.4311502272810896,1.9637819679151922,0.9712180686724915,2.864313389833266,2.5590361483334987,2.28175583415044,1.1961222466572756,22.826061303649333,1
62.300490541688546,0.0,38.30467398816834,6.017856630777827,0.0,0.0,1.0,-0.0696195128536396,-3.8084924043565294,-1.2824514211331777,-1.7860977953226556,-0.9189755398522275,-2.1614908977178806,-1.2954131057998077,-1.0939924211440781,-0.8988669407781888,-2.7295635066584523,1.71743646615416,2.6441557749159954,1.5130980685842774,0.7025585827353307,1.2693740079675733,1.8077669208480784,1.1675304581065327,0.7045312688425979,9.813007553120723,1
54.40920766186478,1.0,27.40971302773223,5.462012178560196,0.0,0.0,0.0,0.9361771655932731,-1.8479558146562443,-1.5482447543523625,-1.597868435749736,0.799600187942756,-2.342615776318599,-0.7866909875968555,-0.442775817290157,-1.2084489594684387,-2.878335110206369,2.8240011876273745,2.8179214593216084,3.0629507085095744,2.0091535258619437,2.5581901461827314,4.074062439060325,3.011438942963735,2.0848406186868083,12.175529646301046,1
67.05542765950939,1.0,31.523623984619327,5.224971305716029,0.0,0.0,0.0,0.11691838330411919,-3.067945757386714,-3.2500708608677,-2.67342554144538,-0.9049829642747671,-2.089657315966103,-1.472794136332813,-3.278344245671285,-1.3549133048845163,-3.6252438075390434,2.2931213470039173,3.346190885103614,2.2411290315464605,1.107007112769508,2.276456321964458,2.4177145778166094,2.834829697532437,1.8052704173149516,8.086636557724722,1
60.95153077875463,1.0,29.2914091549496,7.13073451863499,1.0,11.653846736399716,1.0,0.7624640597502105,-2.4837305389446924,-2.0153466017282176,-1.7770073578835313,-0.5326088689017491,-1.491050457116126,-1.314571549643032,-0.26401077767706327,-0.3914674249336013,-2.0194877516311998,2.186358399316102,2.7656882827068223,1.2593973863285997,1.152941246964289,1.4506236974267956,3.87739127620857,2.516084691742987,1.1550277476595587,6.114119336442969,1
52.82995346822534,1.0,30.155919623360564,8.88143888970694,1.0,8.423004129082315,1.0,-1.029295056103742,-2.2634490253152473,-2.6147220367848845,-1.644608644148958,-1.5436911537775675,-3.682153432543192,-0.6146758792758442,-2.1664408720768784,-0.9055440409273949,-3.03007674726507,1.4730189583681508,2.8870623084841576,1.6898465768668545,0.6267132444766117,1.7293028574466542,2.709889084735891,2.542440326018939,1.2753833263292258,9.299608519017609,1
67.18327978784572,0.0,34.74066732069855,5.736462321607568,0.0,0.0,0.0,0.06390395331186277,-2.751228371490357,-3.0680444761248875,-2.129964828562536,-1.6774996659494619,-3.2050984192923186,-1.3331863167972582,-1.4223317889691283,-2.681032675564044,-2.6962215814681634,2.3955140821320318,2.6658049284539747,2.251938710143234,1.532367237696614,2.5067170080734704,2.866985842532079,2.238445104360022,1.5241362964642264,9.980434838748074,1
52.82892474612129,0.0,27.0,10.429769180666703,1.0,5.207260346884905,1.0,0.39432019047268596,-3.0083014432518502,-1.5669020051356803,-1.9144918651895013,-1.4297651847139239,-1.3591690571884996,-1.484386835027722,-1.2292609583163676,-1.5537213703180632,-2.0094281273139862,2.752268491240998,1.6984794444419826,0.9617821493313741,1.3634921662541697,2.34549337055465,1.863991751052274,2.2611054852160466,1.0209373894041283,4.983759727794593,0
57.10786994476765,1.0,37.26421697260679,5.409867580381573,0.0,0.0,1.0,-0.019902806513632132,-3.9047735173810887,-2.938348981661516,-1.4085546458616012,-0.40710954694479773,-2.979207704278299,-0.8851510324454864,-0.910463559875029,-1.6482037427318934,-3.096196675827221,2.1435019326550258,2.605415050035909,1.3040802907629385,0.46510074174113414,1.3783575618607011,2.234571126444299,1.5403784074806142,1.4199129053439603,9.93328148913676,1
44.73771951111821,0.0,37.89234781470157,7.041859365959532,1.0,3.958401653438062,1.0,0.6634541855563474,-3.131206915320592,-2.0661567156109575,-1.6502351564946314,-1.8087246912569332,-2.8338355115968863,-1.927294069513769,-0.743678124862341,-2.720780771674028,-3.344372691728645,2.04946341613338,2.167824033341386,1.9824679362125814,1.0003780364344497,2.0777008655008107,2.0536741150892284,1.566145748953096,1.0239846030166153,11.418526372423955,1
48.73200397445125,0.0,33.37003835383389,5.274753606267273,0.0,0.0,0.0,0.014596282108330472,-2.0154143515007865,-1.9798782066245193,-0.482728434267357,0.12448185478959728,-2.4534847647126914,-1.0421916718115833,-1.1286941511257729,-0.43048909435550586,-3.356580288329508,2.3361417037610077,1.8321537175692089,1.0881862243900695,0.9506622177794265,1.0911611513498292,1.4899861674395267,2.396063317862945,0.6642060238447871,5.249661816267328,1
40.32833794369695,1.0,27.0,7.060755634957347,1.0,8.671939359679694,0.0,-0.2589567812570668,-2.489140957928076,-1.2549261843019721,-3.319035434639563,0.13348660121600064,-2.6825842919627867,-2.8882171519248003,-3.4862279542889327,-2.7862550383386475,-3.3596369222789857,2.9898869623192144,2.791611131570193,2.4357618321158236,1.4062761130656767,0.7536803516549431,2.1212844009618195,2.3509358332245336,1.5850208886616044,1.7543419972539507,0
58.885423280543385,1.0,30.016116182989247,5.839431570587111,0.0,0.0,0.0,0.3472815697528923,-2.1439311969051316,-2.2931333708748785,-2.562100663027135,-0.9995783563001626,-2.6301333156738864,-1.492352591714162,-1.8695038446447572,-0.8768213898324009,-3.3496543988519853,1.2261955865671275,2.041002168588914,0.9706389950001211,0.7511804124524484,1.2427464208778178,2.4222189875909157,2.428365844476268,1.1881478133783807,9.397055281831353,1
35.03866014573648,1.0,40.04805870346213,4.561056943758882,1.0,4.512240278641352,1.0,-0.29577388985992303,-3.249988928368304,-1.5709578342753776,-2.082792411079842,-1.2894759738961605,-2.1360830474542656,-0.2267546218878831,-1.0857603495190595,-0.47876167993747654,-2.0386850000874093,2.8162361533823446,2.51383795154343,3.639193207567363,1.0558188121444432,1.901551395733551,3.3771604075811164,3.159598990651655,2.070459990980102,17.383823233779008,1
56.60585376659427,0.0,27.0,5.1563315539172185,0.0,0.0,0.0,-0.08451180132666636,-2.749619482012767,-3.092679564858572,-2.300674435851805,-1.4173026699620697,-3.2221882741431616,-2.4929583974134317,-1.9327576173213983,-1.4969576908160476,-3.4045877790717647,2.7051911947958645,1.5163094728284672,2.6722527009097945,1.116073010403324,2.431268688331494,1.6834321772045988,2.4902133840702914,1.1013354227049057,10.770461919951394,1
45.902838367443245,1.0,32.93614464512916,8.006293865669894,1.0,9.560126082794103,1.0,-1.0914985582043086,-3.6811670674940995,-3.7666923315408702,-2.5205365755002673,-1.1126336752333228,-3.135536776022852,-2.8293286789564136,-1.8830323675475622,-2.452179829176021,-4.430463879048168,2.643272090948782,2.811668758268199,2.3800280359514705,0.885898994689877,1.902283511551041,2.636693848445688,2.7597119063073343,2.0295552443888827,9.136447231676945,1
60.883718028140514,1.0,29.189996496897333,5.538045753484694,0.0,0.0,1.0,0.9935439357671443,-1.7792298203247845,-0.9465380936166208,-1.7228038150277385,0.6575505931239071,-2.2862397968574824,-0.5413216688053566,-0.9859446458959866,-0.9251930805172657,-3.919487903659199,2.390285553205169,1.8343354879205753,1.8922985425263323,2.389799609304313,2.7237670776683043,1.3351647918627991,2.453427269932895,1.8837584643305374,22.496110773904192,1
56.25955887604386,1.0,38.120566357131764,9.728919301882021,1.0,2.8444954317456457,1.0,0.1584694284664675,-2.616272900807136,-2.3636220526625578,-0.6840844006889599,-1.3268266159159352,-2.9229848193464276,-2.203057609936435,-1.7369689940185666,-0.7941110987075726,-1.931739436604532,2.1906037924592123,2.2032333408091374,1.7432670522818028,1.336409913727206,1.124016331662272,3.008433927151599,2.2664247787909737,0.8314575575994925,14.675136003228253,1
68.02710773411482,0.0,31.461987215354423,4.829552192435852,0.0,0.0,0.0,-0.1606340887351534,-3.3380436099133055,-3.1741962857765795,-1.3839177496384187,-0.16884273036486375,-2.8102426408763157,-2.702427394948316,-2.443400554652267,-1.6290205570072378,-2.8636126504373327,2.974610096839217,1.92016251898092,1.7344899201848967,0.8683263744139917,2.791868934682455,2.3333181676342987,1.3634855615262444,1.0183989417401014,14.714119830319621,1
56.038521602525094,1.0,36.31779309331025,9.02013196070255,1.0,10.243395029752547,0.0,-1.2529158440169188,-3.419310115186879,-1.4696635733419523,-2.3538561341446766,0.01347279374211896,-2.326389861055732,-2.4599764149139256,-1.7004365881950674,-1.7086144501482847,-3.7715450081525383,2.573330208442867,3.040507297692886,3.43222963831963,2.422003092648103,2.5255052162924994,2.800143953064873,3.789353650796264,1.8992727331124588,23.352421758838016,1
30.707557187814352,0.0,37.04457188626092,7.887562454002965,1.0,4.9284278960069,0.0,-0.375894418248753,-1.7423910253674655,-2.686205008279243,-1.1606294897499574,-0.8986548705910575,-2.556168822833575,-1.155971332700108,-1.6045504157812094,-0.9541796112314532,-4.1825450078466115,1.905105658271237,2.1126895910580075,1.1165745091861115,0.590928297343016,1.2686409600414197,2.5330641364939472,1.8249182499295062,0.37159443772253353,0.9749916049265028,0
47.26351509811979,1.0,42.76301627878509,8.509048040882583,1.0,2.1309122658244863,1.0,0.7517659107317095,-4.326797813676224,-2.5206759931607787,-1.5852577213434331,-0.4527120782506233,-3.6200975662777983,-2.6387346235071663,-2.0967709903753518,-1.6496733519578313,-4.6336971513825,1.33773670684598,2.2303389905060875,1.686294438692102,0.5717156690249613,1.1685627337680253,2.362351867582582,2.6822710106081384,0.6918947270287321,0.37636993243605765,0
35.10792088145703,0.0,33.586761253460836,5.3724500536775155,0.0,0.0,1.0,0.38942113932115346,-2.370317503314732,-2.1480509022979963,-1.4133021670019716,-0.3657167887762104,-2.773042198643409,-2.7725683767826994,-1.2055950012621977,-2.0323056102276214,-3.3364034455258835,2.3533417017292595,3.048298280202541,1.7628957417880566,1.272976012713933,1.860350491791713,2.0219560371887066,2.47267770148818,1.4146162312480657,10.133315606354962,1
42.29892173397098,1.0,36.19219966330175,5.352822079797088,0.0,0.0,0.0,0.7832993743704687,-1.4036959218570457,-1.6180201869229256,-1.0037168596117232,-1.1372054758261914,-2.006641554585885,-1.1956026940149074,-0.022823272382116233,-1.240200139466961,-2.570926769382474,2.6330505497576344,1.9805405665288138,1.9519945727790127,1.8578557472843538,2.926636201284823,3.477552643736011,2.1413012199119947,1.876787153717135,19.48836555316856,1
64.62351276604394,1.0,27.81725034392654,5.313171421119277,0.0,0.0,1.0,1.2470515737062358,-2.3725020511175696,-2.5239659840362965,0.12060193241798634,-0.9308092494100777,-2.232531417057286,-0.9561363894907507,-0.684651007551197,-1.0767083534584736,-2.584633372500217,2.0101120550233316,2.5401643369526195,1.5217029743775359,0.15781904184909634,1.3040794787922538,2.612110900610646,2.2419595811172006,1.3142122965077239,9.221738077775992,1
55.012871919874655,0.0,39.85686103482185,5.50252247113173,0.0,0.0,0.0,0.2120545069696357,-3.502061488150402,-0.7263171121175236,-1.9179974428574518,-0.1722055791338794,-2.659083053088228,-1.7003820101971778,-1.4947618452525964,-2.365409626704468,-3.0211995151651325,2.4298101937876266,2.774377410415428,2.3945274773621463,1.2363583667493363,1.9937115955824845,3.628561808488346,2.7445859858138055,1.70349334231104,12.53979754285225,1
40.31176528563379,0.0,31.07771018367886,8.002966227015047,1.0,1.8171755751859564,0.0,0.07439387654445584,-1.8360219574174086,-2.7524909723166724,-2.2734478725412,-1.3614584873899793,-1.7299614002976307,-2.1945111336882377,-0.9837641128646759,-0.7708393672395969,-2.9655531289288746,2.3617307043358395,2.404862408163166,1.761028659952712,1.246692472175135,1.5034560403570099,2.447011522979354,1.9188458316949855,1.317026357814191,6.019775781359944,1
36.849108969155616,1.0,31.976606261605145,7.282885996059949,1.0,4.149867105139681,0.0,-0.7014488007523748,-4.0078036543617355,-2.0282702457707513,-3.2152726626074375,-1.0012833694686682,-3.056021988462229,-1.8666631227561363,-1.4748891843601737,-2.495219336752535,-4.0789572417922315,2.6505169665056165,2.5236728802309187,1.0485239867248533,1.375052576862369,1.7875889315326343,2.040357401934171,2.6526880188549065,0.628008331769206,3.8929093416628824,0
48.360603021638866,1.0,34.399884923178554,8.045480550817144,1.0,5.50381197685838,1.0,0.971941707280322,-2.8714511024451843,-3.9125867952884255,-1.6724079370423621,-1.5766289653171959,-2.5363997249100283,-0.8640690909264569,-1.3987753942522163,-0.834983060889712,-2.843276909846906,2.9272445691946807,2.7193514024502212,1.0462243433387122,1.2678096931807266,1.5876150693218625,2.28327250316146,1.9591957956195702,1.2187546087933212,5.919102300224487,1
34.617838356807596,0.0,27.467020445970675,5.763505258502108,0.0,0.0,0.0,1.6699434625129181,-2.9514626003132194,-1.767821138560349,-1.0863189822027637,-0.4145808278978035,-1.4055725788810463,-1.3956896175850253,0.5748018634882295,0.6461401535430149,-1.9679530679165667,2.008886791299715,1.362543886740277,2.262199354020891,0.8152534368630344,1.1481721480737348,1.6977423252183188,2.3673102257412175,0.3928689604080968,6.296253280240383,1
40.61745694863761,0.0,35.52946513018022,7.302563363695014,1.0,8.043478232278137,0.0,0.8420809442836935,-1.5522333818737784,-2.4730083352313246,-2.519901614449078,0.3275154013455519,-2.132269415278471,-1.452468319780734,-1.0073023675562123,-2.729230881385902,-2.8913094377470516,2.38039238111478,2.2112030648013787,1.6635670157517894,0.5119058378902448,1.2624171748712953,2.33201256168049,2.244625797856335,0.7559064948001479,7.767403319316917,1
51.43210418706368,1.0,38.85359822816255,8.061411382138573,1.0,6.552298797381611,1.0,-0.20243739135457894,-2.122850425256598,-1.3123025242381363,-1.2757641955294443,-0.13849591239788128,-3.308012116748654,-1.0013307177229112,-0.6318814564033666,-0.27380929102564755,-1.1113191718044169,2.2454393585375514,2.9667449051879258,1.24158489428602,1.119838755938766,1.2420951272667218,1.9230379934961572,2.307640169139632,0.9257898424258147,11.152779514628751,1
60.70843239717366,1.0,35.81820220573781,8.983556845956388,1.0,14.353818293849326,1.0,-0.9540485388572869,-3.3650414284092394,-3.086628551593593,-2.337819124115942,-1.2297878006006704,-3.29938934968728,-1.4546462432076088,-2.528316916854929,-2.6596661148128646,-4.210192386604637,1.56991812425894,2.9362026060097914,2.4009088234065254,0.23094756835822916,0.8983208111191897,2.6249328990055774,2.027216322523867,1.888869430290169,6.4744743836962,1
54.69637619446884,0.0,27.349960961195737,5.736592599532424,0.0,0.0,0.0,0.11173793005921046,-3.6215969371858368,-2.374747958955373,-2.2640426639071207,-1.51572896673982,-2.34363114384896,-1.9108560497360787,-0.8516669723824722,-1.733388978744684,-3.129827176587136,2.669801839124606,2.8125995473807084,1.6564644519480567,1.5278101150987808,1.2766401761392874,3.27366609426117,2.717793602134251,1.1282334946987072,6.7181622887611425,1
22.7958154054209,0.0,33.942858175516534,5.139079276046146,0.0,0.0,0.0,-0.05022592374536866,-2.762859749095647,-1.6434521359638923,-2.1441524977557154,-0.3407720369372595,-3.1109256323100203,-1.1014182833757498,-1.657104487366229,-0.8260482130776194,-2.808356756850771,2.7828064568793884,3.925757479943126,2.4306228084166888,2.002626694157806,2.153059109695786,3.180283102535469,2.197615611652846,1.8553599791962965,10.196621326614643,1
51.34803401933286,0.0,37.83913006340771,4.978272426746901,1.0,6.428748326534241,1.0,1.616762986712851,-3.0389910315073494,-2.866776896016087,-2.2547730251317324,-1.659120421395801,-3.6884107128175385,-1.4296220958690662,-1.510045232681901,-1.9321897065838516,-3.3982210933508528,2.3261463978983667,3.499743777653147,1.3471698976687807,1.1385817041038226,2.507477201990125,2.636087908734001,2.4559191431134777,1.1213099598939302,10.502066232946078,1
48.79236930555836,1.0,27.0,5.459306674141372,0.0,0.0,0.0,-0.0777901314610715,-1.5304402880535721,-2.3789197140494265,-2.6926063662128907,-0.1605150863007943,-2.6839995553708405,-0.15785423765269102,-1.4544084297960789,-0.6600393400592621,-1.9505145830867725,1.7404367718423452,1.2721211379548667,1.1577146086608805,0.10727628378117826,1.1828292472047526,1.5391381179602834,1.4426469743733592,0.4298340821090898,5.91143952140336,1
52.55279313909963,1.0,29.66355293782029,6.144752730498892,0.0,0.0,0.0,-0.01706866576160293,-3.3027186780438247,-1.7537318562864659,-1.5726632192934353,-1.6947481717705646,-3.532969529754788,-3.5899787569484145,-1.3440360821909356,-1.9852819672189799,-3.4336675710894284,2.2711008906257764,2.1978011666770256,1.345854141583093,1.0251245298839555,2.1284100105151036,2.5361789307328686,1.9788734664601815,1.1845928427350916,5.890841507681959,1
65.77830649816327,0.0,38.44444621836684,9.216930954035353,1.0,5.792965579746895,1.0,-0.9531552781614826,-3.896521987006049,-3.0328886056872832,-3.0343636952331514,-1.3572413610851308,-2.9246507357243026,-0.7219922346221477,-1.8143569870587937,-1.1470950698965745,-3.8920032771836155,1.0696203377860767,1.9311892968928124,1.2749644465878995,0.15944029088586875,0.7718630648538074,1.6885950861180645,2.157130905869117,1.260428601589774,5.045390938960017,1
25.30437895514783,0.0,35.715429453887786,7.786421258312586,1.0,7.245090250383674,0.0,-0.9399570519802848,-3.332999737617562,-3.693826045441981,-2.5651215420876374,-1.91839632790647,-4.702418349626125,-1.3360685759803623,-2.4564358763363088,-3.3362920397772085,-3.224482134008131,1.7431249030653135,1.9923545077783167,1.4362632296051525,1.2541170484211093,1.5873091601707825,2.3714263993656397,2.3966074542388154,0.8694546324348041,7.415583994059319,1
41.49786232289784,0.0,36.35387211957039,8.699641421859187,1.0,1.184041200791697,1.0,-0.18289149003142824,-1.9870418577125872,-2.523018237842675,-2.2845918936881064,-0.5262495042135569,-2.2222382506796627,-1.053422173212312,-1.28132229451272,-0.9686312202975658,-2.290922316378704,3.118331944612434,2.826373374882193,1.876004752627578,1.3088331668314166,2.627797389011214,2.6888855437507755,3.1426454085996522,1.420847193083736,7.698591975319903,1
54.4999695507269,1.0,42.8677266343049,6.607677748000843,1.0,14.724016172029764,0.0,0.5604553108534798,-2.6507485970161806,-3.017627468521935,-1.5625474995609454,-0.6850383743289988,-2.895742779873039,-0.7715134571540295,-2.219254038389185,-0.3334321082670352,-2.858804203626986,1.840601781933616,2.6789593202428716,1.4593032623496884,1.4401542470847652,1.8720243737663718,2.0855744666439704,2.228201076042126,0.9897574594305849,14.617155180394915,1
30.602461606006635,1.0,36.608487503277914,5.843235653014599,0.0,0.0,0.0,0.6540145428023187,-2.8071408745616617,-3.1944351088083938,-2.135144217946397,-0.6195359958603996,-2.252203755371663,-1.7952690151896828,-2.8668098606673382,-2.66987519953942,-1.8393097361239164,2.5093859340014357,3.621871776118134,2.1850031952883446,1.8112060831758563,2.19916069699636,3.0007222829765996,2.7085743496206183,1.3594163095791054,17.416717669567333,1
64.2354395285886,0.0,37.46049604694931,5.839674293302306,0.0,0.0,0.0,-0.47402878701769247,-1.8364795542178673,-2.704719972316907,-2.0970692563349407,-0.353589544837803,-3.1925460670367176,-0.6080036096824508,-1.2237159764052332,-1.058062398401876,-3.021657998137652,2.5010839695694727,2.4216518767918362,1.5582503721034506,1.6501997056934419,1.8738761243191449,2.517674124700695,3.0793882191192,0.5922333106571894,8.977501248764147,1
52.051922739707244,1.0,46.69835487248247,5.151508420605368,0.0,0.0,0.0,0.9269762296136727,-1.2324114196054168,-1.6038381554654326,-0.10327531496611853,-0.3460308038551953,-1.353919572116982,-0.4793745564131864,-1.2035836172251038,-0.5055345189006413,-2.131968589187817,3.0636924822374527,2.3214536445704224,2.278659302808554,1.0898041344264453,1.4706780616134647,3.3212068217268826,3.471137829551494,1.552083984040637,20.949183803949897,1
57.31242384427745,0.0,33.53787948859279,7.059305091227118,1.0,3.999114313125757,0.0,-0.2825537410214761,-2.5706068711618277,-2.063457058437255,-1.9989501234793945,-0.8041747020442196,-2.7254398090879617,-1.9230042217512662,-1.3044884212565924,-1.9258514647715002,-1.2393594150988294,2.5012848213165766,2.6118539354898727,3.001421160588131,0.4063680672376472,2.0852539931872913,2.3610245983650677,1.3099609222096034,1.1613486212269053,1.443426700736338,0
41.71961972326026,1.0,30.90952756371677,5.462363189506878,0.0,0.0,0.0,-0.7274665963722527,-3.4328143845607517,-2.8742650462298664,-0.9383617757814473,-1.8581220387047561,-2.6771306226775233,-1.7636666345290155,-1.3875723348880573,-0.8546441064905058,-2.2949465028838416,3.4088292745463318,2.582764300863613,2.7571776896524414,2.2489492073993134,2.3386250871329106,3.204188242666813,2.1028938671914,1.500290363220563,17.37040789055243,1
56.951400589628314,0.0,36.4250837921121,10.644179481235486,1.0,6.854850764848191,1.0,0.03923453878390604,-2.5808712813763126,-3.4377649991410664,-2.0961627656857154,-1.508467128303316,-3.0638516652090937,-3.1056845635366797,-1.5063723162966463,-3.002325965155733,-3.3597342063171265,2.844204574597997,2.751049816472071,2.4207993516367647,1.5386517682715999,3.1901732333690687,2.8381297770059017,3.618714157739647,1.9834447612125436,7.461245436208206,1
59.75318711587942,0.0,36.47545963225003,5.580735305833219,0.0,0.0,1.0,-0.5812044744180396,-3.580142353700003,-1.672729820967326,-1.7200226254642015,-0.06333810282131536,-1.5715242855729357,-2.040559188341872,-0.2511486396521809,-2.2596149848449767,-2.356079922184603,3.316519384748479,2.23298117565685,2.3114521528230805,1.233487337500567,2.069456830444588,3.420077406897085,2.878621213529475,2.3128653480820147,14.171404116742366,1
50.56165822150885,1.0,32.12978073624206,8.75444846644965,1.0,5.058598350672774,0.0,0.0053298283200228225,-3.4353012635310654,-1.8741428752910223,-1.3580363912036395,-0.07431055546950371,-2.371559075413757,-1.4106569477971962,-0.8323292475144322,-1.0488299507518295,-2.370621439657379,1.8978673440356326,1.8866627952918105,1.718352902800285,0.8918919382952734,1.414236348771522,1.8151161649417782,2.6229437194777048,0.9213801996909785,5.112321915870616,1
50.57840981968565,1.0,29.854213412003187,5.526389840101122,0.0,0.0,1.0,0.5631995688885715,-1.9112981552340254,-2.9568708006764117,-1.914588470298678,-1.6032322780445063,-2.487285581447346,-0.5296225483424299,-1.5496382085237514,-1.2736499858072174,-2.341959641105686,3.155646873327609,2.849266441609771,2.685973941201983,1.9067535710402814,1.8558374638131012,3.191546208759178,3.7867563826677997,2.0685417351065896,14.563947537793819,1
50.973775632098985,1.0,44.894299899405354,5.441244075700791,0.0,0.0,1.0,-1.2541783454132198,-3.57023189080662,-2.4165749293309875,-4.477940997377379,-2.2580886679405436,-2.8157707525011695,-1.7922336144900108,-1.8468418170103336,-1.5785304096979562,-3.475707343817985,2.8407660437358047,3.0975429020973637,2.4870420107394002,1.6570036014663954,2.455138486980381,3.402206456631606,2.202946105907227,1.914761412852334,12.952375213945,1
38.5032020878668,1.0,35.9707956167461,5.883622481570013,0.0,0.0,1.0,0.8443159259538517,-2.681040239503752,-1.8219949619344553,-2.136449121702574,0.31672004838958623,-1.2859397825177437,-0.2577816492331675,-1.0737357004980042,-1.5698384863261827,-1.622969004883131,2.1895532715516097,2.2405171409037123,2.5772609674277422,0.8693762771517777,1.072882816628882,2.8664133169040533,1.619361770676358,0.2921855587755233,12.01110909282487,1
46.37718451735612,1.0,31.20471578369066,5.703138587700511,0.0,0.0,0.0,0.8351257620731302,-2.20146495665998,-2.2424734802963777,-1.3767998537927986,-1.1841963357293825,-1.9995004806887224,-0.437292473556538,0.13485273785216512,-0.4827465625697297,-3.349700547563479,2.844960613993979,2.8052670529187536,2.4920388347165265,1.2709580409161418,1.3574853432248262,2.1573592223586098,2.3357375845200816,0.8293872565137337,17.093965843439996,1
46.32225214302405,1.0,38.621686360258195,7.392555253693389,1.0,2.919350317825984,0.0,0.5578641047568172,-0.9412705782731123,-2.1577116226466626,-1.5003820508531964,0.7208361400287194,-1.5956877576678474,0.7308652573530519,-0.9744377631164776,-1.296341611025306,-1.3629804446806613,2.4842317442273916,2.319382876877846,2.098544162633042,1.3024185035903626,2.032624494457578,2.9166185628909487,2.330356764030872,1.5708822791583086,14.401474447689955,1
52.21733250788844,0.0,34.008846817973996,5.267394664709491,0.0,0.0,0.0,-0.5567029026172288,-3.0823038994737573,-2.4205892382006353,-1.4490972569558909,-0.4289017799515277,-2.379503530129037,-1.930486483117206,-0.5593078818174732,1.322959353540775,-2.1852072415848,2.4416048770521046,1.2209731072810381,2.015732323413627,1.0277773192959252,1.8497261951030668,1.7661555864533804,1.9666933158881397,0.5682400614187684,15.54893469868314,1
58.99806671601324,1.0,33.36203349156976,5.134158026510534,0.0,0.0,0.0,0.4797377660374692,-3.544709980611859,-2.6856458967680386,-2.270609553140605,-1.3181698295812043,-2.910595773753937,-0.6833300757525341,-0.6148457493008311,-1.584865443220852,-3.8016695281787394,2.746760825727725,1.906017980579473,1.468548696314178,1.3237194593802293,1.3811109767654897,1.9866975128806028,2.637000724581635,1.7068051286939048,8.005951926424213,1
36.3561030982375,1.0,37.03022792361522,7.405997454461736,1.0,7.530162505554086,0.0,1.4698941143219306,-2.2622983207368175,-2.884667512549167,-1.1877450801384228,0.3096090942974189,-3.8766737727522296,-1.979618389760152,-1.2538725503334716,-0.7891466539383301,-3.0881762304339877,2.733242715524599,3.1400102450745617,2.184604656015462,1.3744021410765193,1.7329709001294868,2.8937709478388305,2.360010546509765,1.3776906921390417,13.090211348181288,1
46.62490066648465,1.0,28.686529792957394,6.8390532826974555,1.0,4.475199855599396,1.0,-0.2657135215791492,-2.2880592715026746,-2.4306794160666083,-1.5775835644223606,-1.4716522332651858,-3.642744424962565,-1.3107043432459815,-1.2976965193847736,-0.92766792226387,-3.3535558835296717,2.6599402603897397,3.295364994901759,2.539964809842702,2.498662865486115,1.9878930750587873,2.1719392894576672,3.120747058633032,1.429535999182921,9.724171720287414,1
64.2960110242487,1.0,36.086822417627275,5.77516974402852,0.0,0.0,1.0,-0.23608424198379607,-1.802907077205223,-3.0605381727287124,-1.098824583526024,0.28767704369740177,-1.805658897126654,-1.7949050826863626,-1.6326525663279843,-1.3756266728639484,-3.619429727506888,2.1357846549347816,1.4610866852980653,1.1823777075225774,-0.02091418924576338,0.9911766922121507,1.779875918910232,1.795094949423415,1.3649428663478538,9.144681798027113,1
39.8205294830618,1.0,43.108296634792886,5.841594417602918,0.0,0.0,0.0,-0.3693551990028774,-2.386110596454271,-1.674026277240801,-2.5906312237092606,-0.3023212792888954,-2.2917007254713373,-0.5314727251429872,-0.7614485116712357,-0.49285176907006145,-2.321849150205838,2.706143758938691,1.7704116858162557,2.2280029162329322,1.2362113501019514,1.7398045198757686,2.5702945144245786,2.4813227847558332,1.0520731518820796,13.256371528202921,1
38.955249809806475,1.0,36.5977994798879,5.4457043986636595,0.0,0.0,0.0,1.1839432877577503,-3.2901851372611866,-2.0638080604673554,-1.8214441485725146,-0.7686538652253856,-2.216890912547307,-1.0499297970631154,-0.8684043974624294,-1.3280007767270545,-3.2151619040442467,2.1905894854852153,3.1072946726085697,1.771304095158547,0.7306535884762584,1.7324302653438812,1.9943982015281978,1.4311700275722514,1.014025963440042,13.853645478181212,1
50.22536811014313,0.0,32.807045532974406,8.283761444433068,1.0,6.92248601144958,0.0,1.2777488593249873,-2.0306982104689384,-2.362087092782506,-1.7138083163979192,-1.6166455273299247,-2.453047089870395,-1.6102090782570575,-1.58057444859119,-0.25672465558008994,-3.5098388303940107,3.169173130738354,2.8264405093163982,2.435711532887933,0.4680266615978599,2.1848793239929902,2.844185079820126,2.274807143615009,1.6535505104008301,5.877701245877303,1
57.28823709533852,1.0,32.21802623807291,5.978964287817796,0.0,0.0,0.0,0.9651143613458684,-0.7634914029568272,-0.5976562421420475,-1.0391683699720902,-0.6120781720568681,-2.7764436776722414,-1.2375755500386205,-1.155013226726887,-1.3220544418697364,-2.5997944672142195,2.4020729702947756,1.9582071525668479,2.0492480305223237,1.72832779575056,1.7098983782431518,2.1742176126944015,2.261734492500625,1.759162417725206,10.684438971885276,1
48.125686611167254,0.0,32.65347011994701,5.585189620740189,0.0,0.0,1.0,0.3182023256914505,-2.265011468986729,-2.8302452539847835,-2.4020184513008185,-0.9127356889503232,-2.8525204430119744,-0.4771573137660161,-1.134723846236119,-2.4689669854325507,-2.695452364742293,1.5642086964216366,2.5238379203470975,1.4392805935018491,1.041558087665817,1.2546716505101905,2.012859863600456,2.8117746543703457,0.45451008234595736,5.348760835525047,1
62.618566494806885,1.0,33.35716794878498,5.212337879959936,0.0,0.0,0.0,0.8365309781951831,-2.5409850719435174,-2.7497526556507386,-0.6071584581788825,-1.1863865867656147,-1.9924263966875726,-1.253574346942441,-0.6662991838445839,0.021755404177509208,-2.1486503253535814,2.591219706527326,3.5685589024795257,2.749768658950387,0.9848582499952299,1.4969249471434019,2.4695860020309524,2.672917382081632,1.714994393295969,8.269883665164892,1
57.42473380823179,1.0,32.799870602587774,5.1949138233743755,1.0,11.266765015322282,1.0,-0.04693138163482641,-1.9275956382420043,-2.3983187447445617,-1.7197425830957147,-1.5182137412385917,-3.3607968528824097,-1.703014119337722,-1.1837779317241515,-2.661182167346574,-2.7797743214641666,1.5369820674201842,1.7148555729676138,1.1300279554039168,0.5697674075413393,2.248509338164954,1.7341467551174463,1.4545331723468518,0.32428448697547285,15.090592371793981,1
57.26002073579068,0.0,38.62340148483555,5.478643927140057,0.0,0.0,1.0,-0.25554318127863807,-1.870442221874621,-2.2355544742494766,-2.6290866831287323,-0.7162295364725948,-3.2939947847708275,-0.8729580179917052,-1.3434563714509988,-1.5464514815955326,-2.5543457145255335,2.681326742745339,2.6297965777404277,1.6737363554062687,1.0546721818901972,1.4072808183297791,2.693381345195925,3.6935153974920683,1.7922727787330133,13.513704853874549,1
54.09528151456502,0.0,27.0,7.956389281899359,1.0,6.18141234706165,1.0,-0.4039579513602345,-3.847476722634628,-2.2362983178850646,-3.0498681405920935,-1.9716462278062954,-2.6382267518713642,-1.7828440348791361,-2.654937461977208,-2.4074567000785843,-4.136102088199734,2.2442068909355815,2.1120066955697885,1.1652507933870124,1.2928575829274318,1.927662622962832,2.2045367149200663,2.8065273405925497,1.2871998658724277,3.845669314710207,0
73.60418410380693,1.0,38.3790002268546,5.381138241037701,0.0,0.0,1.0,1.8210554384324644,-1.4236665997438545,-1.631200337613607,-0.7812124486379832,-0.8660816893456835,-2.4220632082549356,-0.9449570070638651,-0.40095373187692074,-0.8434136070914187,-2.1163506829369085,2.764856441237081,2.848823998387064,2.1391319898359282,0.9211074987142551,1.8489992291341555,3.1315954360344143,2.3158572438321534,1.7537518958852343,13.680011314639659,1
45.74322142247351,1.0,32.79141063685847,9.328469397690604,1.0,4.2005171498761085,1.0,0.462669167962501,-2.7006506569986346,-2.224190156286205,-2.155887336974397,-0.5436597281438617,-2.2982859131656026,-1.409983221441003,-2.032420355650893,-2.088019629257505,-2.705260241848588,1.6503584707855978,2.66910455293008,2.0276194365405713,0.4816959665319027,1.4738683569542919,2.8346413763836016,1.608703523205779,0.6321547936232209,10.662240910954658,1
25.96125478726835,1.0,36.196265035629175,4.985976199389648,0.0,0.0,0.0,1.5773386405367025,-2.073711365529027,-1.8562746152403653,-1.260768967854819,-0.9858895672896204,-1.3045239999180742,-0.9654358022060526,-1.2342983494188706,-1.0379042444998834,-2.79063637023701,2.258301827128104,3.6564586774009573,1.9640637406040429,1.6942151097343452,2.2174393253711284,2.6119213653470963,2.746711052251018,1.4563284010498805,10.310417884351239,1
65.64679797668855,1.0,29.42855440409611,5.7215039132450505,0.0,0.0,0.0,1.449335981453467,-2.384291080946422,-1.559575381410254,-1.0425204153744971,-0.6964562678871935,-2.021147410927379,-0.949932769014681,-1.8740691190390781,-0.8528696831547842,-2.53901186441603,2.085317125930093,1.5005783410486928,1.640235435935507,1.312213919860102,1.5632586111563762,2.8831226026267376,2.498426967723482,1.215821994343681,12.606086704296315,1
42.965306259474914,1.0,40.47883980082246,5.225809631136183,0.0,0.0,1.0,0.5039730336927973,-2.5369085394756694,-1.7691060215022862,-0.7708666581224732,-1.1794945818845974,-2.6126176372802004,-0.9499594238751168,-0.7276867829216087,-0.8107450300868587,-0.7370850679668424,1.9232446681959088,2.081897033275872,0.9979591384470554,0.6634614571309294,1.4495037736229646,3.043477065398124,2.362670877787494,0.7070906670105778,14.91830090946402,1
49.18668488777336,1.0,40.10535732077343,8.128367725469516,1.0,3.2219089291890644,0.0,0.8913084192933648,-1.5805175403762353,-1.830564894903892,-2.1573216347722917,-0.5934914035445634,-1.8145824966698245,-0.964972977889225,-0.6377336455650577,-1.129368479110658,-2.749594953456062,1.4363790346887164,2.040966744927558,2.0498873249292404,0.8038081859015251,1.770387872922648,2.2482581197317684,2.4813771941937373,0.38356902140999716,11.611023465077656,1
62.40505753346579,1.0,38.81815736587533,10.385095145516395,1.0,7.674357074649774,1.0,0.25611420456537776,-2.107438300061654,-1.3011041189715553,-2.297014702172267,0.02601456504933297,-2.7776814087377772,-1.0644801528429058,-1.1799576144410493,-0.10269876621381457,-2.8467646935236073,3.26250927208766,2.273238955530587,2.6284996361013446,1.363315523309172,2.019217305218599,2.748370144018253,2.779152942475886,1.892363755263514,14.525487326505935,1
30.375145048351822,1.0,27.683603508929075,5.059916133756521,0.0,0.0,0.0,0.5428894727158267,-2.095407917973366,-2.464684945221693,-1.813967904819943,-0.7572175344206631,-2.853048931354264,-1.8445762331933,-0.5208191899566248,-1.705856320639994,-2.4562352439976176,2.935016907093841,3.528250642333254,2.6500846225571633,2.594580027088301,2.5211434231271994,3.8192869918956047,3.365233794633391,1.9082257678309764,14.73190601033395,1
34.231880644832465,0.0,38.23104481979724,5.678548550464704,0.0,0.0,0.0,0.6516760016249155,-3.5588099626494802,-1.8075685923493965,-2.9071178383289427,-0.43856888629977553,-3.063143875301128,-1.7518107222408783,-2.3375441699867094,-1.5633935845912592,-2.513812944692912,2.408740492627906,2.820194983002196,2.105585027293482,1.530911853794877,2.3945718320167604,2.8129474512298183,1.1665050417102618,2.2762965244128464,10.984484103393237,1
30.38594269169261,0.0,36.32184789436069,7.17343324889578,1.0,10.802025428642366,0.0,-0.24557234241809667,-3.2809611883658625,-2.0148722663562992,-1.73647228620352,-2.5169182461329913,-1.5744500708213793,-1.4268619082205105,-0.9737521772455895,-1.5970044320308507,-4.259353218599072,2.1214451418678024,1.9758487851322455,1.2068364037396457,0.6947154833175734,1.1518281353537874,1.8244740120194498,1.6058556222547373,1.1639295778919028,1.5699977769638522,0
39.26450080972034,1.0,27.276279387903447,5.522606379930128,0.0,0.0,1.0,0.9397776490001921,-2.8346295954524074,-1.527202778038369,-1.794805133113229,-0.30017228883412994,-2.877132831786999,-0.8182364289586297,-1.8519293349038244,0.29467446412125997,-1.0769196412431823,3.518218064601861,3.4385270011648434,3.2078064471460372,1.753761328722422,2.5653021917808,3.5334690449689043,2.822613320380764,1.901375822022119,15.66868410508092,1
52.83600266618693,1.0,34.39066177303133,5.700284847065546,0.0,0.0,0.0,1.7061596683732083,-1.187000470490053,-1.356226882053594,-0.2814009983554404,0.16631335559358873,-2.748920817454503,0.21652196144850944,0.3714285120442695,-0.43993655114014474,-2.7464871365283408,2.812731174999846,3.3046543595889224,2.4119201379715696,0.9702072712512744,1.923292281945818,2.1301063456018747,2.5909296403338553,1.6835878910464004,17.278436803612745,1
53.76606627094048,1.0,36.14040520064968,4.854758403889452,0.0,0.0,0.0,-0.06896054126317902,-4.128902253331862,-1.8339374887117028,-3.312711748130835,-0.9708432090503941,-3.6243173903087174,-3.09295903561518,-1.7640839295823296,-2.2357628212653244,-2.9656588144264555,2.137573747377334,2.5679486956978943,2.1927075451097044,1.3538069935342412,1.2387574749156665,2.4259927224524924,2.5383507305954565,2.1351070405196517,10.561128750161547,1
51.03901597261409,1.0,37.00233873220418,7.3377200139216665,1.0,4.874203728275463,0.0,-0.6140842149829656,-3.5224608886610556,-4.230185629663831,-4.2049645790116195,-0.46708983574710117,-2.000451382944059,-2.1924043040360464,-2.5092810113190165,-2.307622892362982,-3.035393270478455,2.1368445498567814,2.737649849668086,2.484057912199393,1.2230935952585988,2.4859813205478023,3.395181027638654,3.358017748192174,1.9806358491660323,9.460529018370872,1
32.459575277183966,0.0,35.29767615126985,7.473744256097885,1.0,6.737961457743517,1.0,-0.01151121585763687,-2.5659461626669304,-2.107091844905553,-2.302633351477189,-1.1357581968012844,-2.519583717794049,-2.365290310539393,-1.1644855831789875,-1.8598831881378093,-2.9842202166632488,3.7160823497945215,2.7280831673493315,3.589120810829016,2.313267497758342,3.2675068000174994,3.33469836078041,3.6909908726883525,3.023448306746247,14.322335341148198,1
22.588862197040914,0.0,35.81054137581321,9.35220329803509,1.0,4.010361020876592,1.0,1.507170052934847,-2.3385335597674657,-0.9794359128106422,-2.5773497161491514,-0.6530588109171872,-2.2535596440101533,0.04684585752791648,-2.1551249124594896,-1.1219559347409476,-1.5809779027725936,1.6475848137656763,2.1492193195788887,0.5849623360181468,0.5709856284065666,0.8336706917268318,1.8738103816774057,3.214569934494539,1.7822320572272146,8.706148586900714,1
48.59788943929421,0.0,41.13125126513893,7.209832966744354,1.0,6.385572847865236,0.0,-0.2280163242134976,-2.979307066885501,-2.02105316534503,-1.8810426250665135,0.3032932898339431,-2.2204289957708343,-0.581398976265288,-1.3329507160506546,-1.7141121238148522,-2.911158791096423,1.4363314779796206,2.4601381312317048,2.162873989091324,0.8617950218567465,1.6939324487761493,2.555481887521694,1.569807216291537,0.6509594581081338,8.93861587279475,1
42.81046362997831,0.0,40.01715259459806,4.715010332436348,0.0,0.0,1.0,-0.5272824746940813,-2.5622053171388175,-2.5098973039341046,-2.5639169361860574,-0.621344842888925,-3.608227724799426,-1.3914563570593876,-1.884990285401687,-0.90793950051719,-3.384990735838073,2.403378031064594,2.596013565475407,1.683566368524123,0.7658328080485446,1.654419604263954,2.935194893273976,2.3139442999235906,2.144642474625113,6.517673606223817,1
53.05324348888273,0.0,27.0,5.037231411869393,0.0,0.0,0.0,0.9055277332463394,-2.2885012935878457,-1.2497599289347978,-1.3994553460982544,-1.424869601090598,-1.6368393642006964,-1.3047228096156267,-0.41425674492801134,-0.5297259962522906,-2.975148646311795,1.8825076714024633,2.4391959024735415,1.6766351332920042,1.3239528501912738,1.281886745565901,3.3782425523292208,1.5078539595171865,2.088793104812707,11.364539163535735,1
55.72148988843397,0.0,33.07152650323043,5.311982172095304,0.0,0.0,1.0,-0.33183632414023756,-2.365019757834378,-2.348298941475517,-1.310757298839636,-0.7851268470607776,-1.872328683332114,-1.199096905865635,-0.9603028450143932,-1.489538474438403,-2.6030230137423973,2.3539930814652994,2.8253805279792656,2.8116684529920053,1.905350469041747,1.7759560502137213,3.1876364426038095,3.651973096311168,1.4007419627949307,9.008124523814026,1
49.5206557526455,1.0,33.75907037605222,5.209049957417124,0.0,0.0,0.0,1.3542821719621676,-2.3066302915134034,-1.2920833271188612,-1.364547471903159,-0.1048192997698878,-0.8892346809251546,-0.10471890824599828,-0.48071843994887853,-0.4840996540623633,-2.5889760325348874,3.5710571067163865,3.220524143208585,2.3407182265853104,1.2593083763440136,2.1220230655136185,2.041347733221142,2.4818788701125922,1.5339739009049413,13.197561308109291,1
56.36146393913439,1.0,27.0,5.638742975772474,0.0,0.0,0.0,0.26162276298803744,-2.4165694052801876,-1.3726657081462106,-1.130916211751668,-1.1450883813863109,-1.709341662921379,-1.3588047671572285,-1.6764425321457703,-0.2683983984565037,-1.6033940034828502,1.6553518105325482,2.6533875898640074,1.744353049130065,0.7073433924264967,1.4102512845688973,2.526616847619798,2.209201717393828,0.8328211686304174,9.102501282666456,1
50.52132511526575,1.0,34.9238237620454,5.606953067165868,0.0,0.0,1.0,0.6109975858725283,-1.9949810899235212,-1.2329787677343336,-0.48549626888794717,0.40280034898626516,-2.8478500882674216,0.3284434599677355,0.1326163543093586,-0.9638154921608945,-2.844679896615651,2.3753920844242664,2.502289664394297,1.421713047390421,0.9405180036320616,1.9545102162359596,2.792462994694992,2.2311380668547383,1.664055564289046,13.360463717483842,1
53.830711761616136,1.0,40.119409975847276,5.81282956107741,0.0,0.0,1.0,0.8038507443232671,-2.6671802454036317,-1.6738723034665446,-1.1370084350431182,-0.76894920319146,-3.101866769281598,-1.165160059081652,-1.462463499584096,-1.1374625341077764,-3.6326888551383307,1.712026701809227,1.7429536484700803,1.4833008135246022,1.5557481158664204,1.6086692449063984,2.201405774298937,2.8845445293907046,1.0694458865714611,15.714077113341089,1
40.24859410843129,1.0,29.610444631842345,5.913848633812021,1.0,5.1042630645789,0.0,0.19825382042028994,-2.134826387433387,-1.4931445278733269,-2.1997830137067154,-1.3520421276824974,-2.544758159107036,-1.1700634425499352,-0.9351916013878188,-1.6295959339881612,-2.61410042459608,3.6408399423715965,2.755176743083175,1.9228378513053372,1.4520449000224,1.9961330848608136,2.4993822015067404,3.9362409715439735,1.9568653648987984,8.420743182184275,1
46.024274447853955,0.0,36.013804224104426,5.899284476276483,0.0,0.0,1.0,1.601884377020796,-2.0256050886474886,-2.721516601233012,-1.4389221771848506,1.0681478331346344,-2.939079842549106,-1.1430199545512476,-1.0150796505033213,-0.9117967138426412,-2.3397908772957594,2.57854974420295,2.3574282932508996,1.7344271666989877,1.698142580565898,1.020297651445303,1.96619301913345,2.1383103031516324,1.9100954656322315,11.555546781340778,1
50.16453706322653,1.0,30.37879435216603,5.499328559996831,0.0,0.0,1.0,1.3119775888503398,-2.217271269437897,-0.7398854497929843,-1.357339496778803,-0.3325853029487858,-2.485880285004763,-2.3270045054261033,-0.7355135650773397,0.3862434676068358,-2.067199074864421,2.0752898162183158,2.638961447901257,1.9901129881053274,1.844777243454519,1.09917018626494,2.944078375851363,2.327242252167972,1.8685039483668975,14.04659854807297,1
57.025813229591606,1.0,31.476395893441453,6.924506747121194,1.0,4.328256465295615,0.0,0.9493978833293437,-2.717236316593663,-2.0648007828693395,-1.0269744076120597,0.9965098110245673,-1.0735744189051761,-0.418694445517523,-0.5839475937466183,-0.5634781163895054,-2.7002491837496536,1.8084307363398107,2.316786265225381,1.7531852519950575,0.4801398298225865,0.8546305580641376,1.9122676935374574,2.0276784169328472,0.5990563836088498,4.615475955677739,0
43.66884710552971,1.0,41.14827135376516,5.83031261980303,1.0,13.522329414945421,1.0,-0.7585340170421256,-3.8499093246218763,-2.5883671616546544,-2.62379989400993,-2.2777805698094085,-3.3276171357195086,-2.5231880915791094,-2.827774643155622,-2.461283898531699,-3.9501184164103496,2.101955862183309,1.3837652502011115,1.4291644127987913,1.307014013875501,1.832997992504757,2.288128643190901,2.246289533844939,0.7329647555544515,15.183354085990441,1
53.73283981305324,1.0,32.05848980949679,8.33541087758241,1.0,3.9225293925824958,1.0,-0.09330971193957333,-2.0782120002747,-3.36989142322627,-3.482656077276676,-1.1140114449756708,-2.949602874453793,-1.730718481951916,-2.042998110176673,-2.4348242965242006,-3.375636170248091,3.27466320997484,4.026946668624927,2.8016054319439183,3.2651663308860206,2.432410500810434,2.8986222811502653,2.888819480009435,2.0907721281503893,15.317413820856132,1
45.07577328893083,1.0,36.57995620054781,8.835404093485693,1.0,4.200533645090209,0.0,0.046737491721603075,-1.5612693398037025,-2.0569539711506053,-1.708269494016023,1.2504919491358604,-2.2595654139341423,-0.7613606185692192,-0.3594547933461063,-0.35951079366517524,-2.1138781552976,3.687239930721778,2.900284014248846,2.0576945151043837,1.1484120261379587,2.702105350952312,3.5126117182676277,2.6409116664387464,0.9312124258069385,12.700552417615192,1
46.70703615939057,0.0,27.0,7.550505271592693,1.0,1.817438135738499,1.0,0.5550726355284077,-2.4705340848606356,-2.343121369855315,-1.581505813141096,0.8430357051355769,-1.430369375955754,-0.9517319254855332,-0.25403469707307336,-1.4656311720295712,-2.6070631535672546,1.622843873174429,3.175665170247923,2.3625661513872367,1.3138735959385395,2.830573343944224,3.8092743609740825,2.744190933085367,1.7512472229244926,13.585650935515874,1
57.1247094622648,1.0,42.880429026276964,5.213854560584512,0.0,0.0,0.0,1.1582798753472443,-1.220119306056844,-2.0035965910400533,-1.7030422649070256,1.3033111338618104,-1.8305437649636884,0.36008581701587206,-0.30682127253493774,-0.36665053889326205,-2.2238530120335605,1.9507719907327536,2.2038028633410325,1.0323203032030281,0.07575787180629945,0.43193540016343945,2.5097319753453293,1.0680368992484592,1.7077771592312185,14.369552510947376,1
26.076335918404286,0.0,37.21193600837925,5.6475658904684405,0.0,0.0,1.0,1.1540441132081831,-1.318566390306885,-2.221393437322819,-1.6761423771616173,0.36947519560313025,-2.1654434128826496,-1.4252535233208077,-0.1386216178611841,-0.10891002951315998,-2.590120466842767,1.8617732652803567,3.280093800886796,1.905297762309585,0.450204184075193,2.3572356930925227,3.308254348801899,2.0534252634371564,1.2860216913864326,12.349946371089938,1
33.73880439117763,1.0,33.67875070807382,5.774123330438343,1.0,5.171997735948293,0.0,0.5698932223903566,-3.446168093947797,-2.8234582087848183,-2.0208260080307094,-0.871836094145778,-3.458099042425049,-2.3658134705947322,-2.3555480952277636,-1.4963580278414457,-4.602266590737955,1.7565224380634124,2.2163302511515277,1.8204966522594488,0.7957559689193545,0.6244875186867653,1.9120987214166738,2.311507400674761,0.9017363327680871,4.180166356374445,0
31.695960628128972,1.0,37.089959294999524,5.267889187277133,0.0,0.0,0.0,-0.4092617836481569,-4.279329572758382,-2.3419132505987363,-3.6595738874733676,-1.3786022108996134,-2.1655713310422513,-1.0074894933664003,-2.9528383971548213,-1.7467299930843556,-4.096716495524857,2.1035356234629763,1.9095717726620363,1.453684986870758,1.6276622854783325,1.059488389111578,2.706617112255274,2.2180229935014344,1.317764838475137,4.401985991981946,0
22.330222681668648,1.0,28.155812569734852,5.268214313236393,0.0,0.0,1.0,-0.5545088285682065,-3.019112446564197,-1.4671162434946101,-1.5483723457938408,-1.1996560823146305,-2.1865988217321646,-3.1478923768742666,-1.9972012404836874,-2.1945559364907194,-3.1354345453655603,1.8605862313912291,2.1307889236340793,1.7659498749138014,0.7007709208402708,1.6871082938919482,2.573783398445832,3.2508608874019735,1.439020095617226,11.870270237167034,1
40.539091158293054,0.0,39.82138833788696,5.076360445276024,0.0,0.0,1.0,0.23773762907200027,-2.7628102334032896,-2.2107359037751833,-1.894443129265753,-0.330662022960503,-2.4495335328529086,-1.7342344253246713,-0.9881398201941678,-0.7745557989994775,-3.1570362922224544,1.1526544066886975,2.680616519390025,1.616354711181144,1.9336627769935357,2.431048162016984,2.3499609019166083,2.7257507686109945,1.11876194192928,17.180250699011737,1
56.243772897005144,0.0,33.04206851026606,5.84259446943302,0.0,0.0,1.0,0.3524778154618594,-1.7459002653221218,-2.5890391308373895,-0.476995405436222,-1.2715383214741118,-2.611713504970378,-2.054303720054978,0.3116213836545978,-1.466775262575693,-2.9950181027237415,2.301614495848816,2.8723759879896464,2.693389994381008,1.897160744939367,2.158713829635969,4.166454775723821,2.7113591874750997,1.0810373277378797,15.617983398032223,1
44.86627526979168,1.0,33.581687182282046,5.527516184336125,0.0,0.0,1.0,0.10340100804806468,-2.6321649259104993,-2.3229534016528013,-2.028296894775044,-3.2131807654693856,-2.9699605165900387,-1.992207706850825,-0.9963646704092523,-0.8452223743788463,-3.276239875701683,1.4511804228744052,2.971042408938043,1.8516686475942121,1.1648122176591178,1.423838532388344,2.229772988919309,1.8362085044548078,1.4113200118809035,3.2458945280496305,0
50.175690901360376,0.0,32.28754973265532,5.198019993149355,0.0,0.0,0.0,1.0529832653391642,-3.19697123660841,-1.4300943100314054,-2.076602290703699,-1.3671271757780157,-2.689063253094386,-0.6182008160086638,-1.0458008689933875,-0.2434826560821739,-3.1678326255144524,2.2415720494777394,2.7158422283707297,2.223854798252852,1.0659060060029721,1.107924255621842,1.7598439389624083,3.7261636080987808,2.1311169842622797,10.25888046891731,1
59.98139246381872,1.0,31.88706868764487,8.247573606036665,1.0,4.571038291594856,0.0,1.2382808836383918,-2.7953302659881807,-1.6702215906704825,-1.4462622102328293,0.08810605904226387,-2.0330941640363496,-1.690365993661028,-0.3423498781835368,0.19160993809593774,-2.7660979827216345,3.1041095401347283,2.450671405171902,2.2206631955905385,0.9978243764777482,1.2776710756265657,2.344672582674839,3.0555750387559684,1.8896993248607956,9.97853930096084,1
62.60454745494461,0.0,37.62601775232784,7.1093236836952824,1.0,4.065357209461989,0.0,-1.068185661156026,-2.7396750168129413,-2.656553224406775,-2.3590591436734667,-0.6939158647995854,-3.2405506778667683,-2.1496646812049365,-1.7544654718908568,-0.7983669273751317,-3.181351366168691,1.717971199026787,2.0940682740306773,2.112503017126491,0.7120834720296949,1.5923243806925242,2.558914424720309,2.3784703905876534,1.3326751151096605,6.472169160189239,1
47.23948271801247,1.0,35.651580825469004,5.007724780545718,0.0,0.0,0.0,-0.5885388646519681,-3.8421796491546667,-2.477563138945318,-3.1575279000957552,-2.384449415518032,-2.91438204119719,-1.8285762318928198,-2.1948819721922526,-1.8710271776072283,-3.4246989424745062,1.9077816957304938,2.0401267478959526,1.1591276242971373,0.02155652578721079,1.219949673463847,2.476507934186273,1.2404140143348636,0.977117566354652,9.408359631148464,1
62.88944478526337,1.0,37.432866636313676,7.909290482207827,1.0,12.224873317557428,0.0,0.8819355087752685,-1.9781231391723755,-3.5998339400588657,-2.0724603984192727,-0.3697737550822483,-2.861879169082549,-1.5897712030261912,-0.8009743148944615,-1.305165543896445,-1.8385167734033305,2.7707787280300367,1.6782749079593744,1.7571371479875166,1.9138805123696672,2.100696702970244,1.7309448855022764,2.665956761566799,1.011158832133693,13.338656806320296,1
49.0133932427752,0.0,34.460423897314925,5.312016053651861,0.0,0.0,1.0,1.301589001824897,-2.373295797119895,-1.8508206258085134,-3.555791333583095,-0.909520699321408,-3.5492043145538914,-1.5823084823954392,-1.3126851796120615,-1.0351191892774354,-2.021367302221684,2.7147841580556555,2.2864314314834346,2.029542810599791,0.9750851691484812,1.8026578914470597,2.3181045356312566,2.252946852426817,0.7729177296998493,7.070508156280942,1
38.788619537897915,1.0,36.809399149847316,6.647466127784485,1.0,5.127810758684871,1.0,0.37898445626242533,-0.8984120038911012,-1.3960532289735696,-2.2576453880651925,-0.6803485568745566,-2.502646634826204,-0.8725655506817931,-1.5767963496494986,-1.299359641198379,-2.724781432714612,2.5943957572483947,2.714149231317388,1.2934086801804305,1.6661595214268317,1.759679204682526,2.7158016534644642,2.8240967635050263,1.6515940302468004,18.479186380761856,1
41.46159612581391,1.0,32.61518065233733,5.787754071047817,1.0,4.329216601805792,0.0,0.041503353875565085,-2.1173993340084105,-1.503651786395917,-0.8460147810955739,-0.5622065883879018,-1.4346453326549635,-2.093276028776859,-1.9093554716261552,-1.982142599187571,-2.7299794680271687,2.9991218950765397,2.618362886250868,2.7786969256579592,1.6178668582118907,2.4226700069199003,3.2071528743128495,3.4463956549563104,2.2591936897740403,10.188509840739716,1
31.71409836178482,1.0,44.53379328634297,5.89990622797654,0.0,0.0,0.0,1.3619024932622046,-2.714579257959741,-2.125342902140862,-1.804356128989618,-0.0777184713076915,-2.6489379412802743,-1.7264313112108651,-2.0178212944098295,-1.682262721004508,-2.037261717673862,2.034232711814092,2.0410545123484516,1.7667194657192478,0.5965654059898507,0.9844889424587396,1.1719290727525724,1.1261324690607755,1.7779880431779167,11.058960451530773,1
38.230527608929826,1.0,27.444313126062756,7.209953698023505,1.0,6.139284672016629,1.0,0.47274080678278135,-3.1289875098985376,-1.2235947110511918,-2.1485744392506527,0.38609479858151863,-1.3912734834570861,-1.198646407921264,-1.9523114320492205,0.41366466554062,-2.2323357436386004,1.9060998502221336,3.389170048841702,2.3539625319725346,1.3631521835852813,1.2258963750641536,2.669758698130017,3.4039394491568045,2.3432040149958073,8.58320667973558,1
44.06181643118128,0.0,40.17421795603343,4.990584919130134,1.0,2.7564695245087547,0.0,0.1408903802235279,-1.9741663372437985,-1.396613419727083,-0.6717724209180576,-0.7039806669754947,-1.9892788027286565,-1.9932508951482883,-0.519472677447409,-1.0423943981266872,-2.338884555036054,2.464543191618547,1.9341541084281029,1.3809293113912884,0.5351807371753602,2.139382997180485,3.207556442376172,2.398488660407426,1.164054331596436,7.427034844168489,1
56.83943521316462,0.0,40.65558352824437,7.01071363995366,1.0,4.773383198582415,0.0,0.28292022092762387,-2.8290688845386947,-2.7181472244987153,-1.459281361929633,0.3160841549586012,-2.856255759663447,-1.1417784829630213,-0.8839781814616876,-1.2427292407816135,-3.776676417612326,3.22922629799659,2.333564040307282,2.245250266818491,1.661885260967894,1.6313333701116246,2.482726159597089,2.204726868084286,2.212409005303705,9.535323591640552,1
66.92846814282582,0.0,30.665285373154827,6.6088625678195525,1.0,11.505597679890935,0.0,-0.6412778808884739,-3.549714944918186,-4.064343835099372,-1.6376556667226443,-1.0080476858636176,-3.1479204245503656,-3.629732248979854,-3.2402005749162592,-2.2266900152581783,-2.397082692090611,3.4486203662342527,3.0225736015766467,2.3361365399260614,1.337869521422753,2.1909186854527856,2.7154848077999456,2.7055392237484766,1.9509356032141718,7.794121814234138,1
32.79600333085256,1.0,44.53173124750188,9.333245351387726,1.0,7.453187720529277,0.0,-0.15891535669846546,-2.1482903503213207,-2.37513596815534,-1.8601813028618361,0.15506715625350675,-2.7078526140126993,-1.97198391849276,-0.2878790350768351,-1.2240340581039706,-2.0165276407860904,2.056812234325779,2.298468695995616,1.7752054840874805,0.8880521561004925,1.398513039834341,2.767750253973772,1.3618617800022,1.908403095138942,15.114814829091033,1
52.32110215085911,1.0,38.97970627325393,5.499608097300738,0.0,0.0,0.0,-0.1481991147077496,-1.737708375824519,-1.7205237253539767,-1.369847425679097,-0.33335798230561003,-2.6608072456913496,-1.3573906924357233,-1.357514485972273,-0.5373961553268629,-2.7639614771307106,2.381317677921798,2.867981277234121,2.5104769992374565,1.0494761618188717,1.4851614631052956,2.160723650308035,2.2851091205731606,1.7365150931130993,16.723271505576076,1
36.55401666926712,1.0,38.8701255307031,6.0145141202925405,1.0,1.9720498225619292,1.0,-0.7972057822351196,-4.277581767398793,-3.9950726313725333,-2.364927833595941,-2.331492479449861,-3.3379001997371063,-2.4251882338792132,-2.2521834056773167,-2.015861761114871,-3.6785868836715836,1.9497427848675053,2.694204244964091,0.7075520123743091,0.6800028829048895,2.0317818293356336,2.247458858481546,1.7111947335037798,0.7504379104174346,1.897073136509241,0
53.22166797309522,1.0,34.626099841616444,8.820966607416269,1.0,6.359773835916052,0.0,-1.7677837942247603,-3.6012490057382687,-2.513921605196776,-1.3964914412298843,0.017025027849787322,-3.8294031384154277,-2.2475407805220406,-2.80070122596714,-0.9143744623753401,-2.665740321844923,0.4831864621590716,1.216875490737457,1.6714548586952815,0.13876812535016558,0.7489793543002652,0.583468111791047,0.5854703428941628,0.882150467877353,3.7187402537137872,0
46.558046842435004,1.0,33.52248228801596,9.092439473210359,1.0,5.619164514091846,1.0,0.6804703094905398,-2.3773639425445987,-0.8702972141190912,-0.6058875445686649,0.6908113428017889,-1.5842007049406435,-1.0985187385136665,-0.06440441329157487,-0.08103210411273687,-2.2110342429356495,2.6703764483969366,1.9346770708194088,1.6119981583051406,1.0554669071107494,1.0633928385593907,1.374226498664214,1.9625787736211153,1.3134279254017895,11.711435015339806,1
27.860035915677166,0.0,33.55766027832176,6.051572100990886,0.0,0.0,1.0,0.11900086493260681,-1.849045005279664,-0.6737121145341556,-1.9609600133426865,-0.5046082467472848,-2.0053219422454003,-0.8835521762425063,-1.2345785816582016,0.25975875493574674,-2.113273348204137,2.655114391837972,3.123346745171445,1.4608573365054807,1.327376867386792,1.7674017492926315,2.6386255848826465,2.3715792579388664,1.1395330839264575,11.406642995662025,1
58.211266907253325,0.0,36.25738768343783,6.904705594910197,1.0,8.692764825714415,1.0,0.8251067267764424,-1.1331053374135602,-1.8345011958228545,-1.439030705677141,-1.061748223442052,-2.3336373923471867,-2.2494008216534445,-0.5360570921149739,-0.8089856413250112,-2.753851809307138,0.4893257274706371,2.4146306227516368,1.6321734532627459,-0.06572416729397323,1.3973030739525931,1.7717240514582846,1.5579616477709224,0.36331962665116135,7.790563554851067,1
41.34499215910396,0.0,40.805338237652535,5.143083935116488,0.0,0.0,0.0,0.31966103374572175,-2.0574758895446554,-2.7022362910376523,-1.704816223475899,-0.13656561598612416,-3.6840430579494257,-1.1411087435343163,-2.396256166925105,-1.5523524938543165,-3.764243550809162,2.6221582835913586,2.1890330663465947,1.4251809614628201,1.6562504150107582,1.6900978830118167,2.4929427449274404,2.6993674390955706,1.0690525916193137,15.86791388039406,1
42.1270973778909,1.0,35.315913980376386,5.040190223360158,1.0,2.0211278412203675,0.0,1.5449972634320122,-3.0663971978491227,-3.0184346640992326,-1.775516562735361,-0.9425518901701613,-3.6347394521111043,-1.368078396435845,-2.7425512200345343,-2.32640825941614,-3.5772899172677124,2.0191080964118684,2.5557588423177955,1.1233917902782387,1.0687713535925556,1.1940040527155833,2.744159908074165,2.4444999490424744,1.4095291787939928,6.491946781258384,1
36.23272347581341,1.0,30.398503695882194,5.247301911092151,0.0,0.0,0.0,1.041777913724112,-1.4045540471182918,-0.725515260334384,-1.267913410099072,-1.6718374529554607,-1.8550737969994435,-0.08353550748399008,0.1626123591496198,-0.3783407609372199,-2.964610759511299,1.3358248108672657,2.057471857359638,0.9776817203689365,0.6412764033880746,0.08698962042481484,1.1075768672221455,2.16254417668301,0.8247841336737343,12.874233935552255,1
40.80288395643689,1.0,38.20992178073241,7.291193259064217,1.0,2.3917357571571007,0.0,-0.020245602902731974,-1.2978859150830675,-2.7967624166736273,-2.595460209286717,-0.06350027321095952,-2.8230306415013797,-2.372501004835737,-0.31495003535443555,-1.037043591320622,-3.0777354889472313,2.0877104915122,1.9153579889854444,1.2009186024174765,0.9481723519128447,1.2904104080122156,3.00945138382959,2.048853456883136,1.1583662022485126,12.487062059171707,1
52.70679484764409,1.0,38.64517835877656,9.304879622742039,1.0,4.108230834143404,0.0,-0.5166198687196124,-1.3864909668662977,-1.940726377312915,-0.7369861636645842,0.26593967629732185,-2.526389783671096,-1.5637856998178201,0.031913618706254754,0.03763991606825856,-3.626261762382702,1.4668979191667773,1.9684073873683712,1.7033592300018539,0.6392735749512081,1.150627254691149,2.3214439756951175,2.72949441286575,1.139405686091811,11.568494414585063,1
45.91831224969954,1.0,37.44596787801504,5.274440482291049,0.0,0.0,1.0,0.8398242087857539,-2.536899872470017,-2.6175068243825503,-1.63820348269541,-1.53378397277518,-2.9513371274834164,-2.2170706376499725,-1.7720802494057701,-1.6148974089597485,-3.7554914796488887,2.9865117700838826,3.1164295016908734,2.943708025010573,1.3859756303562913,2.1377463146072415,2.9249802747258506,3.0829965851968173,2.233853052103806,22.155147409960886,1
51.61528202510729,1.0,37.854745079362424,5.263313655922735,0.0,0.0,0.0,1.658543223098638,-1.7898435352927005,-0.16480861036389838,-1.1096376343035386,-0.19860004550810922,-0.5574385988487864,-1.0128074325908556,-0.48296053685742246,0.01345036296652613,-2.7633258291663685,2.3750337146671345,3.0121223962377206,1.8708910649105823,1.7567034847690652,2.497732980114793,3.2016856420697035,2.774939447056315,2.0668476737640074,13.277012597835782,1
51.98114039321728,1.0,33.28082341428986,5.814494348049916,0.0,0.0,0.0,0.9690357478349201,-1.9636773369894356,-0.7687923351192933,-0.6679618046709943,0.9164915192433573,-1.8346599707746774,-1.358879466370785,0.900846357485791,-1.5226072734995937,-3.0458728677949534,1.763597320856906,2.394520139317182,1.9749698145991033,0.36867965576545914,1.7673754102791046,1.7410354440819864,1.869634757016819,1.0759845533458514,10.499231983789977,1
62.52727821080984,0.0,30.319548747912393,9.91757320660596,1.0,6.429846033542374,0.0,0.8521024324070651,-1.2239999944623825,-1.38885514291284,-0.5900247263271527,-1.3697755000251157,-2.4249717258803005,-2.407247681502826,-0.43785625316876864,-2.062322807037611,-3.472743669207251,1.861558169220316,2.370020483396356,1.8726685055314694,0.6239713007936475,1.855733370093768,2.0314256799077937,3.2940775364143002,1.2414390402309385,5.365906211416562,1
44.22935234049183,1.0,30.59312956211649,6.965466679536855,1.0,5.390813887618656,1.0,0.8112201639691223,-1.6603420282506396,-1.7648296535622694,-1.0696242590887075,0.1707940045960653,-2.1985136421460147,-1.8183601757573986,-0.46898630941596076,-0.4993462957551449,-1.7735316552894038,1.5972235130059804,1.677590926796656,2.168991581061695,0.6883976361689508,0.7713655266292214,2.580594424541577,1.805607210280297,1.3080808552458787,16.11457858956966,1
31.75456401469695,0.0,27.14041538193964,5.027352503680615,0.0,0.0,1.0,0.649653139263118,-3.3882949557547604,-1.6399961644262595,-1.8377565861786194,-0.9738340351704116,-2.7894946819124846,-2.0846500823936394,-0.7605477667479117,-2.363909099210181,-3.662031102812219,2.861339615393676,2.8754658392089434,3.530268450517747,0.8620499071809455,1.7738480587846572,2.795756168013329,3.825263947436132,2.7215413263949895,11.708076116751657,1
59.73944658229181,1.0,35.56626875195678,5.390926198117598,0.0,0.0,1.0,0.13698169226264423,-1.482711909648122,-1.015459578326432,-2.583580515613195,0.5232275535815588,-1.2506544241488522,-1.8676903006328944,-2.5701473277257323,-1.1774415677961887,-1.8765098526118533,3.0732145204363492,2.3725898398171688,1.8274747221595442,0.8794512751544816,1.4319464694423814,3.312076542707585,2.345624470891317,1.397261310209474,11.106889826040002,1
44.3536301069302,1.0,34.124480475480325,5.2388592309700455,0.0,0.0,1.0,1.6730095758401617,-2.807044391202355,-0.4555980413834957,-2.8405501958549335,-0.588834442986596,-2.5574866806428167,-0.5169848362863392,-0.033619327568191304,-0.28146726326821736,-3.2782057180878135,2.7646320721540585,1.771063685459157,1.9522281150163783,0.5670668509225975,1.4794284017204828,2.1125363434332107,1.8506052888011173,1.2399614182286736,8.765652815592235,1
60.26051689035115,1.0,32.52005532961631,5.804386514843072,0.0,0.0,1.0,1.0900952254391374,-1.9769907421002455,-2.869165020182205,-3.1726055550018915,-0.034169783260798,-2.6772560146221904,-2.4488264234966763,-1.5097474682809728,-1.2360514346393725,-3.015620690568946,2.4327280414355066,2.432209877837259,2.2138991649984026,0.8156615645657336,2.1251859350907787,2.5308568540495195,2.180768677255448,1.001424655592206,14.69163066482662,1
52.217148245007174,1.0,27.0,6.479852914402615,1.0,6.361059131399067,1.0,-0.8415889225008691,-1.6215202322404063,-1.3413845132300117,-1.9561101711183608,-0.7650655840804474,-2.2409662501612164,-2.2311319379764587,-1.0253546072795316,-2.223417504139672,-2.953144486978461,2.1551615237199906,3.470746128582282,2.2026081419981542,0.8405538819757237,2.385877968987146,2.5574679521578894,2.702051614649332,1.2805893496595142,13.725459669180152,1
46.557487167763206,1.0,28.88707138637624,7.712719603813472,1.0,11.372608497210475,0.0,-0.5348571998854871,-3.7650918877605175,-1.3532965398369847,-2.057249677200332,-0.7472927443535015,-4.159605211278042,-2.356492602687374,-1.380009105218428,-1.6305771742015724,-4.701765271654796,3.0684639896859016,2.4825214395907023,2.9512189052709745,1.0391477801435267,1.932256289211279,3.5563983594262694,2.8338755795173998,2.876511353823534,12.029221061986732,1
51.836534834509244,1.0,39.54378293131425,5.235673203204043,0.0,0.0,1.0,0.565710333325665,-2.2673023040004425,-0.9416268432125405,-1.9435670790268078,-1.9233950175587906,-3.1750823818043314,-2.3257537199725533,-0.8580388853014188,-3.2474325825071615,-3.380039953390823,2.1385157304571893,2.5767564918476387,2.9797791328436194,0.621032468132288,1.0300044184324093,2.133025734004873,2.6796497781653503,0.5335814541650377,15.09570571907021,1
69.4611381613893,0.0,31.50918299971591,6.546187239228647,1.0,5.518806125272232,1.0,1.5406363788618038,-2.19537224948322,-0.9506432713572,-2.428650630283032,-1.3823290952768454,-1.3350983757508454,-1.1317826885404316,-0.8229993588477065,-1.7430255389545997,-2.4879234795080687,2.658229433937212,2.932932569159125,3.287601817384399,2.199127396690178,2.5435512254527683,3.8664343971850714,3.3450185231945553,1.8837030876484768,15.346485933414115,1
70.84678581959129,1.0,36.12266254945579,4.881563335654481,0.0,0.0,0.0,-0.516750054672077,-2.031422089802348,-0.11592816281208251,-1.141024199799601,-0.6683760368860086,-3.939149825748065,-2.566033294060225,-0.18479967279015597,-1.9320928657966936,-3.049546201058532,1.6132365337706829,1.9121952962649407,1.6147192932937782,0.9210707789637105,0.3686975323198274,1.9719149220844745,1.881052726137986,1.1376001988678115,14.766211035915898,1
48.76319248646057,1.0,28.24191556511135,7.90405580067913,1.0,3.2965895679205364,1.0,0.9242607796633426,-1.3056811075105392,-1.6729726259346562,-1.6448709668519421,-0.1572091388146345,-2.533230063681767,-1.5480021750407813,-0.6191679705749914,-0.8455620434876425,-1.0226699366714467,3.27608052950381,2.992524777307218,1.9402745784997524,0.5789383178044696,2.290348672527314,2.362766421836075,2.967678356373768,2.275852252920002,9.012088478756503,1
49.76209652648783,1.0,40.97417467061654,5.359560771238062,0.0,0.0,0.0,0.7510790533083437,-1.614454134096738,-2.4288382273360805,-1.241149339218886,-0.8541464531337499,-2.0501533229111213,-0.8169377740720178,-0.901265170839481,0.5977808400200129,-1.4191651665105072,1.3735551404124955,2.4340126054512847,2.3976418918439917,1.5914162495363087,0.7038372092823411,1.9739023845398274,1.5098503974009576,1.3259326622334644,15.560108821148198,1
59.83864173213024,1.0,33.851875529753954,7.457290176492646,1.0,2.5737632601389047,1.0,1.3417962662632772,-1.697615417821341,-0.24560061287653445,-2.0768787536999382,0.9234010642876843,-2.477788032277626,-1.2669807345870319,-0.24217471618253927,0.1493710382140876,-2.8860616639588503,2.547995974091298,1.115603139940182,1.5167799679329272,1.251501538479767,1.5896515470350514,2.399410424280623,1.9555367761383318,0.5945833652869482,8.847585629777114,1
38.69772863955918,1.0,35.80518178417591,7.677124474606537,1.0,6.452079912250683,0.0,-0.01003590214218475,-2.670422054043725,-2.2594504350257156,-1.3474483910473163,1.7487744537410075,-1.909873167064926,-1.6659902220301908,-1.8015396392774043,-1.3290346853774013,-3.262902759161041,2.2897665056657095,2.5245532642858577,2.328321905731722,1.634010735340201,1.9845906004616836,3.294494836443954,2.4352625653857385,0.8894389406680598,11.714961043446182,1
51.66377409880081,1.0,44.96600906346758,5.942805980920914,0.0,0.0,1.0,0.7740398335803386,-2.13034115296225,-2.116493384594322,-0.24439624183234399,-0.7234997099453198,-2.2675571846393603,-0.757899192703531,-0.23920828247563697,-0.019800950936303963,-2.016129328821883,2.5862322016509234,2.6839901455743953,2.396225213361675,0.7428570362286286,2.7792101724006955,3.168321902252459,2.5184185640231695,1.1845252016555814,19.619076745467513,1
47.71550867250758,0.0,41.323980452652314,6.531219349685744,1.0,4.613728392675412,1.0,1.2407301606303975,-2.804176348143309,-1.1704817436954413,-0.8573686923963741,0.867042272478702,-3.0866928303403887,-1.7026285755515018,-0.29145336679190303,-2.6894399071206534,-2.228390200862671,2.946292046259349,2.1526436075370254,3.2771178794369913,1.2351637156405724,2.9622256177533277,2.9345886376422348,3.5965144783069003,1.5453492984143988,16.934074723835323,1
51.45299032603309,0.0,33.12045470420824,8.413661759254214,1.0,17.976701568364177,0.0,1.2478435399450938,-2.7351902330926827,-2.1265992747478575,-2.4401215808071806,-0.9732038258870267,-2.9023848774275613,-2.07319953389953,-1.860315959140924,-1.692752276755279,-3.2170241934013353,2.3113018271280197,2.947059697367804,2.4798658436097005,1.9740766413722528,1.8650350482775107,2.9157756770713976,3.296750519922094,1.4052309340599194,8.83321933461148,1
38.83294313455654,0.0,31.830509168083385,5.4537645755154065,0.0,0.0,0.0,1.8993055198888453,-2.370645319610598,-1.302741133554549,-1.7091352443601133,-0.5817671880448134,-3.3070253993706964,-2.356139041016185,-1.9228276207222064,-1.1605359172325174,-2.0480558675938885,2.643524636671041,2.516891648095671,2.211468861403294,1.3705282758145816,1.5367079685494083,2.5435650748166636,2.528066713444596,1.4143224198369042,8.038535232908037,1
30.51475757360134,1.0,33.0350474481621,5.579506979435613,0.0,0.0,0.0,-1.0293316215164143,-3.511744090577588,-3.5962683901507226,-2.7978093298093043,-0.6918384862855989,-3.541635293066263,-2.304910164776844,-0.9858819235590147,-1.6656369807458689,-3.9593690036883626,3.243641569876543,3.4328403624688875,2.688953369357903,1.3779851253697526,1.8824699897885961,4.020138403548284,2.4664734573308293,1.9632966195746522,13.233609391388095,1
25.19718220409579,1.0,36.79454211814441,7.186285390384459,1.0,17.802014222598174,0.0,0.5271322286685802,-3.1756687503400625,-1.811952412469811,-1.4886298614867715,-1.5454145206856946,-2.50952777742914,-1.6955760086128764,-0.9535446361890261,-0.823810146370502,-2.5129078108196246,2.5165692286092076,2.4154279876174067,1.5095660977918781,0.7170602079851849,1.3709034211625966,2.05034235630292,2.814235677280483,1.2301166498720226,10.157374590194221,1
35.70877475711431,0.0,34.026491395871076,5.647863598483029,0.0,0.0,1.0,0.15744531729619815,-1.9854568454894328,-2.535460521019711,-2.7689427431606033,-3.0232380723290158,-3.0669587594094336,-2.5872876762403174,-1.5175753988305307,-3.195095650554614,-3.919875241295567,1.9857193393114325,2.433104935589278,2.243096086991635,0.9922468249560439,2.1928430400999956,1.972637513957459,2.902148730173716,1.3864009716431613,16.436532614560633,1
42.95457186566734,1.0,32.72140134748438,5.754110161563699,0.0,0.0,0.0,0.7762159246915883,-3.240083387073269,-1.7721998269079238,-2.2019482736514053,-0.6976791236032549,-2.1672188014828824,-0.8733538372671465,-1.0892257746600285,-1.796783815891477,-3.1052572184772913,2.2711925889489626,2.10738216363372,1.2325329092057258,0.07945015670433708,0.994712159449406,2.414194971543248,1.4843143634366802,0.14316459630671896,10.213731095282384,1
44.77489254686362,1.0,41.10231562819069,5.90924453817456,0.0,0.0,0.0,0.9095642904695665,-3.1869796885003803,-2.1489510067025988,-2.1199151597860855,-0.7654008091606557,-3.300606274450447,-2.960677040509216,-1.1813351164845602,-0.9470845003587293,-4.247580098701706,1.7545608134973278,2.0702009885103916,1.5392861939233498,0.8146731792865944,1.9905778108076295,2.972788434677097,3.2245263713126384,0.5506367687615418,8.977204264873402,1
69.30954278672469,1.0,33.98605548699973,7.011404131285617,1.0,6.730870554203624,0.0,0.6951409287409731,-1.684963658727763,-1.254944160359087,-1.6925671901657748,-0.9062765903265649,-2.1879517727658424,-1.0670621132171294,-0.8523975526498621,-1.1329076245237388,-3.2519432728847346,1.786469647798199,2.678691191602813,1.6650635563703262,1.4934410730693353,1.8362186093153947,3.3360608702308805,2.9687001008182916,2.0348040736771207,13.532947318799451,1
60.16592706898028,0.0,44.84815091866794,5.764201662365915,0.0,0.0,1.0,0.7381506330470814,-2.1287890334156,-1.644815255208713,-1.4816269373278472,0.8250814320023084,-2.506994216833195,-0.2532594465289979,-1.2311489329775536,-0.13171783990332409,-1.4819085659597455,2.052877034783782,2.3475562094402287,1.7249737591640906,0.2763490522546499,2.2530145658471064,2.7959307026758062,2.102716850067433,1.894337507925916,14.682124455999896,1
37.4169977202421,0.0,34.90834153688478,5.396900935868436,0.0,0.0,0.0,0.16555903727849397,-1.4373290231896956,-1.4198708063655339,-2.1108016215307144,-0.6566521080514178,-1.5515469542730211,-0.6019706989928643,-1.5826233019753704,-1.1300127567369174,-2.4072502606478166,1.9217794119517064,1.3379049240762364,2.090779606574611,0.2209447337256094,1.2595233239311465,2.246123149784565,2.1476584064372815,1.396228651007709,6.99617310797284,1
51.824792976960524,0.0,42.53393277401128,6.689657335191872,1.0,8.792617580092282,1.0,-0.006083671260487145,-0.9751947385692403,-1.5149149089359122,-1.4929960210197293,0.5743699366452589,-2.287641757643405,-0.37770364663523903,-1.8244500491402593,-1.2118975363922324,-1.7259953985127805,2.648510855760507,2.9417952375515233,1.8090865911780136,1.484383451446194,1.200014651870442,3.423526400277379,1.8536915418991378,1.2957824157247007,9.416735158072772,1
43.52213940014642,0.0,36.10793740219782,4.755140660304966,0.0,0.0,0.0,1.6561581764717368,-2.739852259821991,-2.354618993984199,-1.2412765541588948,-0.8093615749713945,-2.523401067015707,-0.7614135207286572,-1.364028820337743,-2.46178064426185,-3.630877560926861,1.5086754565839295,1.781945109647478,1.5758253206728234,0.49864047806930945,1.899049740332599,2.323142927394462,1.7959354526451463,0.9323915272940551,4.232704856896226,0
44.87199778155895,1.0,38.83332257962252,7.698552044105278,1.0,3.2267449615154398,0.0,0.4079644685762247,-3.99366129588421,-2.5743323427428733,-3.1895162713558354,-0.02740719962286231,-1.4101350659373264,-2.4393693137827634,-1.3218324147530327,-2.2289158472944033,-3.347177806039043,3.031820274233561,3.2925244640445177,1.8354107048671457,1.1524426933268817,2.278466763375958,3.0518981708167074,2.1793083243356266,2.0059406183149098,5.972741058886929,1
50.0385821435692,0.0,31.23925026817024,5.685928130007404,0.0,0.0,1.0,1.8427754623646444,-2.444764873743657,-1.7927280391402713,-2.09588982817686,0.4575938992859244,-4.3786413994961855,-1.715618226385285,-1.177849290992728,-1.6972827958326986,-2.208955834043885,1.7654755158881623,3.0031763924720756,2.2700557163001736,0.6714528256125429,1.4799884282712712,2.233367121447717,2.3489047664130926,1.1788869870355045,6.915380098770612,1
54.810882286729324,1.0,30.658083498356646,6.934941522202505,1.0,9.788964647757009,0.0,1.3616218271763794,-3.3216144322793095,-0.4225602420126995,-2.4338719004246534,0.5013722285281602,-2.0633358752110347,-1.4985455254770013,-1.1710974084208505,-1.043499810349323,-2.3824243930887397,1.6127066519709299,1.4583668916744372,1.7953486449983376,0.9173872058374051,1.45037859932185,2.340417205115111,1.717056410913521,1.0776565071688846,3.6253734693318176,0
44.26815667727583,0.0,36.56867679756744,5.57337709176626,1.0,6.044215148154156,1.0,-0.33612348109722034,-3.0329577664776615,-2.860889713164005,-3.078518897541314,-1.7352425252121786,-3.9419988738653693,-2.5368134399037254,-1.6873142069663132,-1.9700151494268343,-2.2134322702497014,3.8231033389905607,3.7551464643518386,2.6417984307992617,1.6910974460334374,1.0658940780370842,3.622299718146089,3.349102765295891,1.7384964408541785,7.847280596907006,1
59.702366860077944,1.0,38.94848959109392,6.182830218940342,0.0,0.0,0.0,-1.3683624109759336,-2.8672028364926994,-2.523092322992818,-1.7490672241344138,-0.5281476121677751,-2.969143430334329,-1.7514983925905108,-2.062658225462447,-1.292337944610782,-4.435899138508773,1.4409753902737235,1.5210980953492879,1.7090696082118257,0.6810165874131097,1.6679980451226526,2.2154869811368094,2.456411814518792,1.2159454251991288,11.544589463618442,1
35.43867951243355,0.0,34.681154259002085,6.214645626623253,1.0,11.776819236573992,1.0,1.0214611509194538,-2.399854770722652,-2.1395148036684875,-1.8242657797902733,-0.5987867662276151,-1.508217995795587,0.9243877691605373,0.09012546798341314,-1.1383636292464836,-1.8664453758043416,2.797277228096408,1.549775002153369,1.2201034680621645,0.7388273220196123,2.0374438756135738,3.314729017396841,2.219828077717816,0.991035790552974,11.882984493760354,1
48.06972968598495,1.0,28.711229992123364,5.490398326035697,0.0,0.0,1.0,0.9386633328459872,-3.1047830566894694,-2.9037526306950516,-2.023911380383484,-0.22306758728200943,-3.7173501792811,-2.2398390200096725,-1.112265654395687,-1.534135887318091,-2.105167334350676,1.127018873445318,2.5056891073324783,1.376545242375284,2.3220761467491515,1.304843229256337,3.471966489042809,2.731356944075974,0.899422542849687,17.407610631501406,1
75.0,1.0,28.378837351698028,5.606552432984835,0.0,0.0,1.0,-0.7290939632610748,-1.232471050986006,-3.0513457043264527,-3.404560712526629,-1.0538525644774694,-3.7019771119360354,-2.0449598616417615,-1.7715816071055044,-1.9590266760004076,-3.9065215426067645,2.439286273186152,2.9799036675783492,2.058206650848275,1.78109588847173,2.4410752649605296,3.1899513665119916,2.723785309164592,1.1536857902208175,15.35182240962262,1
50.45387716887802,1.0,28.077886190161916,5.242304409211583,0.0,0.0,0.0,0.7461249220637529,-2.716668634862306,-1.141705070284474,-1.7038035601387256,-1.0710623730932574,-3.5612506587185995,-1.6621972481310392,-2.1212329518422735,-2.35905306469716,-2.673898474246656,2.2539287747148595,2.5783910677281194,1.0205816224714692,1.0764883386471853,1.5564352247970317,1.7505043728264567,1.946748124085345,0.9389052089294807,7.210919210851838,1
63.7653595726679,1.0,27.0,6.826969544196675,1.0,10.84688621072325,1.0,-1.0221360489307134,-2.0394502386008884,-2.10777531990521,-2.030626889476645,-1.527009565791384,-2.2824565536584176,-1.745010783308714,-1.9100781387682957,-1.4553431580457923,-4.212394526239875,3.4580567200960513,3.084267766023174,3.0437883796554495,1.7586015928940268,1.4613425481499565,3.398123648665941,2.5815712785016327,1.7040193277684688,13.971914888343488,1
49.00672195990529,1.0,34.99268411751189,4.940017733070479,0.0,0.0,1.0,-0.908261705239311,-3.8973587800984357,-2.4225517521912145,-2.4257549984909934,-0.4917886824709312,-3.652254230711539,-1.7043932799703831,-1.8309721423695196,-2.4997066466797433,-3.1604398822651607,1.6682172505307173,2.2873026095618725,2.320054086064151,1.5627103944573504,2.5720118117185473,3.5565412211002307,1.5966689840209836,0.9033546753865483,14.405141288152596,1
54.38854804862776,0.0,39.562697647686115,5.99346717604626,0.0,0.0,0.0,0.347190513403814,-3.0899450932917087,-2.110316214585773,-2.0261982991442316,-0.8573736099964974,-2.9506190396407495,-2.5956385685830314,-1.4520364151206622,-2.1411100712281055,-3.835525557645486,1.215085053004068,2.413538293948204,1.3000765320528758,0.5328101232500561,1.2290215479854094,2.3126110706771206,1.2121894145229826,0.24210146351137363,5.713578258433088,1
47.375384861680395,1.0,34.43962895883836,5.261434906614348,0.0,0.0,0.0,0.20744012471791437,-2.117316640453544,-1.7904401785281494,-2.0733163668959285,-0.9600780181213563,-2.0805273763850707,-3.1049052295078168,-0.8063946209745996,-2.6624293262647196,-3.964760569355853,2.3007777239186638,3.159512368541291,2.17527023518128,0.9789179507437653,0.8263511667969757,3.0203473921411876,2.0440380408024517,0.8015415158421273,7.43636110478778,1
46.12551660719375,0.0,27.0,6.210990057672476,0.0,0.0,1.0,-0.01141266501058047,-1.1177039212882032,-0.5082875066179595,-0.7720223100900223,0.2618454634403451,-3.1364244706444246,-0.9069806106463891,-1.0759079379509304,-1.3929287521274325,-2.2866944503932967,1.2708048641247311,1.296947337682244,0.8556684397575485,0.3269263287574189,0.41662485029371665,1.8260913364761657,1.4238061467336596,1.6231427744748215,8.82597364590055,1
39.425693636020384,1.0,33.64157792849453,5.488633986628891,0.0,0.0,0.0,0.02311199244264095,-2.0804579316949825,-3.364213417289797,-1.9983691392139307,-1.4559235630371208,-3.1147119717866296,-1.6592830377894041,-2.304573204055654,-1.6102930642807864,-3.3543458146502934,1.2773341301644028,2.1797326575759413,1.7080029965064196,0.3071721927147312,1.3885334502017022,2.5320163356326257,2.046780250653116,1.684892972914386,9.091540446141346,1
52.733314948533085,0.0,33.76740451515327,5.859818747889714,0.0,0.0,1.0,-0.12846949214151093,-3.1376112302382753,-2.388252264398094,-2.6432574249951473,-0.9873205028014179,-3.0836055704713967,-2.334596795652743,-0.5814985185286429,-1.3724325893824132,-3.3855818506930233,0.9933874291427967,1.514203167618384,2.1223598290006698,1.1863743760260637,1.6760591015442723,2.8606404841600703,1.178809449752647,1.4064225903785996,13.485352381522826,1
38.633090918956555,1.0,43.93199437601448,5.481343995853096,0.0,0.0,1.0,0.516688344659767,-3.328657843232969,-2.474783611725921,-2.250444693706607,-1.7325501270339,-2.621904935702355,-2.201542790720164,-1.8362587386003786,-2.1039005307842227,-1.2598735529064107,2.9386220974516535,2.393223634367025,3.537527178757246,1.7607465711929335,1.1703174758288624,3.0981020188002457,2.376971457469605,2.2636414691937166,18.27406857394141,1
55.32143759944772,0.0,27.942879391861997,5.489239658708814,0.0,0.0,0.0,-0.13009212013921023,-4.33579825441071,-3.7454455921340903,-2.088071661729604,-0.401373190289085,-3.568750479882468,-1.2821208291093793,-1.2544668112012012,-1.9361275394276725,-3.4952290794814003,2.6287664200347787,2.3027037893070514,2.8293341027373975,1.896210890216337,1.682972879153509,2.761015750879893,2.882556814334268,1.4779135739551834,11.98127264559555,1
59.93815704890501,1.0,32.74195078830362,8.242585980687519,1.0,4.588832104571973,1.0,0.5446961811325226,-1.891791154239716,-1.4913241608233574,-1.9990378616602347,-0.5230911512578698,-0.9513615006392815,-0.9731219530589003,-0.23422528905195317,-0.5002698613850142,-2.1478104863413225,2.099360357691647,2.4399395697072257,1.3638532903794194,-0.14651488764228304,1.5129378049558597,1.2177851478516155,1.3869864221187502,-0.04993195683464591,10.792981521256408,1
52.03184547960953,1.0,42.176337062450536,5.541693375278197,0.0,0.0,1.0,0.4869591200120552,-1.8970599889234627,-1.2750752575873072,-1.3012165389030614,-0.7403703568189027,-1.9606257574115893,-1.2388271517581362,-1.1078638174651574,0.7938824418870196,-3.389752603277422,1.310933331343218,2.338829915537815,1.554207628250738,0.7125583031835516,0.7563340437540496,1.79148237771892,2.06150580613965,0.8715666032521441,15.46589194866317,1
44.85126393088739,0.0,36.524902536059464,7.640128831175654,1.0,3.5587276043676814,0.0,1.1668102872459865,-2.9781017978809006,-1.804267564556366,0.139580762407977,-0.8406791963417664,-2.6667818392455582,-1.2426128892062853,-1.5084347393281503,-0.4920313910400227,-2.8956258355878943,2.793604436625191,3.2281546384297855,2.2161576772847202,0.5678341412228831,1.5642089477643024,2.6389166924926397,2.0969989619621106,0.9178097598949102,4.872095674027263,0
52.99362137239566,1.0,37.03490883082391,5.225509521879687,0.0,0.0,1.0,0.9232077121194696,-3.4129713168683065,-3.382865366648529,-2.306548086919054,-2.0666712673968557,-1.9834574060013561,-2.9458784664271107,-2.422613059245814,-1.608200192110802,-3.7576211118375933,2.3418513705340915,3.8531862998089923,2.1413138982354885,1.5399697865705964,1.4782494884305222,3.4599080734624725,3.1547294778337482,2.1687348094077814,6.811749717901089,1
44.604596388989464,1.0,35.01562996660745,5.45623445444904,0.0,0.0,0.0,-0.8147103758940831,-1.4963999799884662,-2.753765002413785,-2.117066183344357,-0.9477843591372879,-2.232680126237219,-1.344052778471368,-1.8874925222704522,-1.702549741243832,-3.155261727210791,3.1158774867828467,2.5913521020562675,2.0998384848319622,2.302344402194259,2.503212387470388,1.9248090156460407,2.9100241746599793,1.4256560407273424,14.801948446771084,1
58.29101838011664,0.0,35.98474592395769,5.28646539688001,0.0,0.0,0.0,0.9991675985588496,-3.265831502877637,-0.5566230338787426,-2.0542662502434768,-0.41446869262239316,-3.110122086893723,-2.30015595660749,-1.8065262342027435,-2.0288637250202126,-3.211640266894275,2.838903094793994,2.9400288848068983,1.3624531137093996,1.4139907966360181,2.0073960858742943,2.8988009760479057,2.826299009892619,2.310066756393575,5.947652092802347,1
27.85453307363364,0.0,37.99924288625341,6.304882424365194,0.0,0.0,1.0,-0.3831720230109926,-2.3528633906022276,-2.705677179211629,-2.6887098300222765,-1.237972360566962,-2.218257846723107,-1.6693367346321222,-1.5677002506697022,-2.5767889574054643,-3.966315941664676,2.548333393768579,2.611925428918094,2.707893966928605,2.5897083349073444,2.7092189607452184,3.2209566419134,3.1457425274512794,2.0827189053364936,8.437498561583691,1
44.30831895069489,1.0,30.857311564982552,5.468594230530933,0.0,0.0,0.0,-0.622727952031699,-1.9786007900864984,-1.720039281067338,-2.435247897093575,-1.1230371163335788,-3.25640507593539,-2.3657688171484543,-1.2144288227864155,-1.7904872735128858,-1.7110104739199659,2.3111110491639963,3.695091527012214,1.9498886364545316,2.050310517171721,2.1012116964365,2.215947526436223,2.5633003199318067,1.3768620504554894,11.479756305900978,1
26.101068053636023,1.0,38.4512636050869,6.630637707820344,1.0,6.475710912227421,1.0,1.4002878596135986,-1.2685749965164326,-0.9095697131351053,-1.394798054746781,0.4706302809647781,-2.026549681413484,0.300042388500285,-0.11523942154793798,-0.2848180582343445,-1.8604035612694492,2.6465463910505953,2.688825378176145,1.6143694736099286,1.989093382694774,2.521482194103956,3.6472401402571704,2.8782512353913643,1.7572439958670028,21.564680680269962,1
31.554330867500745,0.0,28.321486424015074,5.431532184217309,0.0,0.0,0.0,1.7922131418886864,-3.187177556140611,-0.46077826444548986,-1.4492060315081234,-1.1211803449025433,-2.702310655241729,-2.379540226182562,-0.6319480351154588,-1.8344145175546842,-2.582634033196099,2.7221362895711723,2.3512957563905204,2.1466630113302614,1.2030895181474197,1.1387620523799749,2.627006038469697,2.153681986858253,1.227017529341476,8.184299752076647,1
