url,observedLiveLastModified,expectedAfterReconciliation,source
https://aipoch.com,2026-09-29T00:00:00.000Z,2026-10-08T00:00:00.000Z,"max(persistent shared layout 2026-10-08, page/content date)"
https://aipoch.com/open-science,2026-10-06T00:00:00.000Z,2026-10-08T00:00:00.000Z,"max(persistent shared layout 2026-10-08, page/content date)"
https://aipoch.com/open-science/download,2026-10-06T00:00:00.000Z,2026-10-08T00:00:00.000Z,"max(persistent shared layout 2026-10-08, page/content date)"
https://aipoch.com/medflow,2026-09-20T00:00:00.000Z,2026-10-08T00:00:00.000Z,"max(persistent shared layout 2026-10-08, page/content date)"
https://aipoch.com/agent-skills,2026-09-17T00:00:00.000Z,2026-10-08T00:00:00.000Z,"max(persistent shared layout 2026-10-08, page/content date)"
https://aipoch.com/agent-skills/list,2026-09-17T00:00:00.000Z,2026-10-08T00:00:00.000Z,"max(persistent shared layout 2026-10-08, page/content date)"
https://aipoch.com/medskillaudit,2026-09-17T00:00:00.000Z,2026-10-08T00:00:00.000Z,"max(persistent shared layout 2026-10-08, page/content date)"
https://aipoch.com/blog,2026-09-18T00:00:00.000Z,2026-10-08T00:00:00.000Z,"max(persistent shared layout 2026-10-08, page/content date)"
https://aipoch.com/agent-skills/gsea,2026-09-17T00:00:00.000Z,2026-10-08T00:00:00.000Z,"max(persistent shared layout 2026-10-08, page/content date)"
https://aipoch.com/agent-skills/unmet-clinical-need-extractor,2026-09-17T00:00:00.000Z,2026-10-08T00:00:00.000Z,"max(persistent shared layout 2026-10-08, page/content date)"
https://aipoch.com/agent-skills/topic-evidence-mapper,2026-09-17T00:00:00.000Z,2026-10-08T00:00:00.000Z,"max(persistent shared layout 2026-10-08, page/content date)"
https://aipoch.com/agent-skills/study-design-identifier,2026-09-17T00:00:00.000Z,2026-10-08T00:00:00.000Z,"max(persistent shared layout 2026-10-08, page/content date)"
https://aipoch.com/agent-skills/result-reliability-checker,2026-09-17T00:00:00.000Z,2026-10-08T00:00:00.000Z,"max(persistent shared layout 2026-10-08, page/content date)"
https://aipoch.com/agent-skills/preprint-surveillance-finder,2026-09-17T00:00:00.000Z,2026-10-08T00:00:00.000Z,"max(persistent shared layout 2026-10-08, page/content date)"
https://aipoch.com/agent-skills/population-gap-detector,2026-09-17T00:00:00.000Z,2026-10-08T00:00:00.000Z,"max(persistent shared layout 2026-10-08, page/content date)"
https://aipoch.com/agent-skills/paper-to-claim-verifier,2026-09-17T00:00:00.000Z,2026-10-08T00:00:00.000Z,"max(persistent shared layout 2026-10-08, page/content date)"
https://aipoch.com/agent-skills/novelty-vs-feasibility-assessor,2026-09-17T00:00:00.000Z,2026-10-08T00:00:00.000Z,"max(persistent shared layout 2026-10-08, page/content date)"
https://aipoch.com/agent-skills/multi-database-literature-collector,2026-09-17T00:00:00.000Z,2026-10-08T00:00:00.000Z,"max(persistent shared layout 2026-10-08, page/content date)"
https://aipoch.com/agent-skills/methods-reverse-engineer,2026-09-17T00:00:00.000Z,2026-10-08T00:00:00.000Z,"max(persistent shared layout 2026-10-08, page/content date)"
https://aipoch.com/agent-skills/method-gap-detector,2026-09-17T00:00:00.000Z,2026-10-08T00:00:00.000Z,"max(persistent shared layout 2026-10-08, page/content date)"
https://aipoch.com/agent-skills/medical-topic-saturation-and-whitespace-checker,2026-09-17T00:00:00.000Z,2026-10-08T00:00:00.000Z,"max(persistent shared layout 2026-10-08, page/content date)"
https://aipoch.com/agent-skills/medical-research-gap-finder,2026-09-17T00:00:00.000Z,2026-10-08T00:00:00.000Z,"max(persistent shared layout 2026-10-08, page/content date)"
https://aipoch.com/agent-skills/litbase,2026-09-17T00:00:00.000Z,2026-10-08T00:00:00.000Z,"max(persistent shared layout 2026-10-08, page/content date)"
https://aipoch.com/agent-skills/high-value-paper-screener,2026-09-17T00:00:00.000Z,2026-10-08T00:00:00.000Z,"max(persistent shared layout 2026-10-08, page/content date)"
https://aipoch.com/agent-skills/figure-first-paper-reader,2026-09-17T00:00:00.000Z,2026-10-08T00:00:00.000Z,"max(persistent shared layout 2026-10-08, page/content date)"
https://aipoch.com/agent-skills/evidence-level-ranker,2026-09-17T00:00:00.000Z,2026-10-08T00:00:00.000Z,"max(persistent shared layout 2026-10-08, page/content date)"
https://aipoch.com/agent-skills/drug-target-evidence-landscape,2026-09-17T00:00:00.000Z,2026-10-08T00:00:00.000Z,"max(persistent shared layout 2026-10-08, page/content date)"
https://aipoch.com/agent-skills/disease-mechanism-evidence-map,2026-09-17T00:00:00.000Z,2026-10-08T00:00:00.000Z,"max(persistent shared layout 2026-10-08, page/content date)"
https://aipoch.com/agent-skills/contradictory-findings-resolver,2026-09-17T00:00:00.000Z,2026-10-08T00:00:00.000Z,"max(persistent shared layout 2026-10-08, page/content date)"
https://aipoch.com/agent-skills/clinical-question-clarifier,2026-09-17T00:00:00.000Z,2026-10-08T00:00:00.000Z,"max(persistent shared layout 2026-10-08, page/content date)"
https://aipoch.com/agent-skills/biomedical-search-strategy-builder,2026-09-17T00:00:00.000Z,2026-10-08T00:00:00.000Z,"max(persistent shared layout 2026-10-08, page/content date)"
https://aipoch.com/agent-skills/biomarker-landscape-scanner,2026-09-17T00:00:00.000Z,2026-10-08T00:00:00.000Z,"max(persistent shared layout 2026-10-08, page/content date)"
https://aipoch.com/agent-skills/bioinformatics-translational-opportunity-finder,2026-09-17T00:00:00.000Z,2026-10-08T00:00:00.000Z,"max(persistent shared layout 2026-10-08, page/content date)"
https://aipoch.com/agent-skills/basic-discovery-translational-opportunity-finder,2026-09-17T00:00:00.000Z,2026-10-08T00:00:00.000Z,"max(persistent shared layout 2026-10-08, page/content date)"
https://aipoch.com/agent-skills/validation-strategy-designer,2026-09-17T00:00:00.000Z,2026-10-08T00:00:00.000Z,"max(persistent shared layout 2026-10-08, page/content date)"
https://aipoch.com/agent-skills/two-sample-mr-exposure-screening-reference-grounded,2026-09-17T00:00:00.000Z,2026-10-08T00:00:00.000Z,"max(persistent shared layout 2026-10-08, page/content date)"
https://aipoch.com/agent-skills/tumor-immune-infiltration-diagnostic-ml-research-planner,2026-09-17T00:00:00.000Z,2026-10-08T00:00:00.000Z,"max(persistent shared layout 2026-10-08, page/content date)"
https://aipoch.com/agent-skills/treatment-response-predictor-planner,2026-09-17T00:00:00.000Z,2026-10-08T00:00:00.000Z,"max(persistent shared layout 2026-10-08, page/content date)"
https://aipoch.com/agent-skills/translational-study-blueprint,2026-09-17T00:00:00.000Z,2026-10-08T00:00:00.000Z,"max(persistent shared layout 2026-10-08, page/content date)"
https://aipoch.com/agent-skills/study-objective-refiner,2026-09-17T00:00:00.000Z,2026-10-08T00:00:00.000Z,"max(persistent shared layout 2026-10-08, page/content date)"
https://aipoch.com/agent-skills/single-gene-oncology-reference-grounded-research-planner,2026-09-17T00:00:00.000Z,2026-10-08T00:00:00.000Z,"max(persistent shared layout 2026-10-08, page/content date)"
https://aipoch.com/agent-skills/single-drug-faers-safety-profile-research-planner,2026-09-17T00:00:00.000Z,2026-10-08T00:00:00.000Z,"max(persistent shared layout 2026-10-08, page/content date)"
https://aipoch.com/agent-skills/single-drug-adverse-effect-pathway-anchored-network-pharmacology,2026-09-17T00:00:00.000Z,2026-10-08T00:00:00.000Z,"max(persistent shared layout 2026-10-08, page/content date)"
https://aipoch.com/agent-skills/single-drug-adverse-effect-hub-first-network-pharmacology,2026-09-17T00:00:00.000Z,2026-10-08T00:00:00.000Z,"max(persistent shared layout 2026-10-08, page/content date)"
https://aipoch.com/agent-skills/single-compound-network-toxicology-disease-link-reference-grounded,2026-09-17T00:00:00.000Z,2026-10-08T00:00:00.000Z,"max(persistent shared layout 2026-10-08, page/content date)"
https://aipoch.com/agent-skills/single-cell-research-planner,2026-09-17T00:00:00.000Z,2026-10-08T00:00:00.000Z,"max(persistent shared layout 2026-10-08, page/content date)"
https://aipoch.com/agent-skills/sample-size-and-power-planning-assistant,2026-09-17T00:00:00.000Z,2026-10-08T00:00:00.000Z,"max(persistent shared layout 2026-10-08, page/content date)"
https://aipoch.com/agent-skills/real-world-evidence-study-designer,2026-09-17T00:00:00.000Z,2026-10-08T00:00:00.000Z,"max(persistent shared layout 2026-10-08, page/content date)"
https://aipoch.com/agent-skills/qtl-colocalization-study-planner,2026-09-17T00:00:00.000Z,2026-10-08T00:00:00.000Z,"max(persistent shared layout 2026-10-08, page/content date)"
https://aipoch.com/agent-skills/prognostic-biomarker-protocol-designer,2026-09-17T00:00:00.000Z,2026-10-08T00:00:00.000Z,"max(persistent shared layout 2026-10-08, page/content date)"
https://aipoch.com/agent-skills/process-related-diagnostic-biomarker-nomogram-research-planner,2026-09-17T00:00:00.000Z,2026-10-08T00:00:00.000Z,"max(persistent shared layout 2026-10-08, page/content date)"
https://aipoch.com/agent-skills/primary-plan-recommender,2026-09-17T00:00:00.000Z,2026-10-08T00:00:00.000Z,"max(persistent shared layout 2026-10-08, page/content date)"
https://aipoch.com/agent-skills/pcd-immune-oncology-research-planner,2026-09-17T00:00:00.000Z,2026-10-08T00:00:00.000Z,"max(persistent shared layout 2026-10-08, page/content date)"
https://aipoch.com/agent-skills/non-tumor-mechanism-guided-diagnostic-ml-research-planner,2026-09-17T00:00:00.000Z,2026-10-08T00:00:00.000Z,"max(persistent shared layout 2026-10-08, page/content date)"
https://aipoch.com/agent-skills/nhanes-clinical-retrospective-biomarker-research-planner,2026-09-17T00:00:00.000Z,2026-10-08T00:00:00.000Z,"max(persistent shared layout 2026-10-08, page/content date)"
https://aipoch.com/agent-skills/multi-omics-clinical-integration-planner,2026-09-17T00:00:00.000Z,2026-10-08T00:00:00.000Z,"max(persistent shared layout 2026-10-08, page/content date)"
https://aipoch.com/agent-skills/mendelian-randomization-protocol-designer,2026-09-17T00:00:00.000Z,2026-10-08T00:00:00.000Z,"max(persistent shared layout 2026-10-08, page/content date)"
https://aipoch.com/agent-skills/medical-research-gap-to-study-planner,2026-09-17T00:00:00.000Z,2026-10-08T00:00:00.000Z,"max(persistent shared layout 2026-10-08, page/content date)"
https://aipoch.com/agent-skills/medical-research-algorithm-matcher,2026-09-17T00:00:00.000Z,2026-10-08T00:00:00.000Z,"max(persistent shared layout 2026-10-08, page/content date)"
https://aipoch.com/agent-skills/mechanism-to-validation-planner,2026-09-17T00:00:00.000Z,2026-10-08T00:00:00.000Z,"max(persistent shared layout 2026-10-08, page/content date)"
https://aipoch.com/agent-skills/inclusion-exclusion-criteria-builder,2026-09-17T00:00:00.000Z,2026-10-08T00:00:00.000Z,"max(persistent shared layout 2026-10-08, page/content date)"
https://aipoch.com/agent-skills/generic-phenotype-scoring-research-planner,2026-09-17T00:00:00.000Z,2026-10-08T00:00:00.000Z,"max(persistent shared layout 2026-10-08, page/content date)"
https://aipoch.com/agent-skills/feasibility-aware-study-planner,2026-09-17T00:00:00.000Z,2026-10-08T00:00:00.000Z,"max(persistent shared layout 2026-10-08, page/content date)"
https://aipoch.com/agent-skills/faers-pharmacovigilance-disproportionality-research-planner,2026-09-17T00:00:00.000Z,2026-10-08T00:00:00.000Z,"max(persistent shared layout 2026-10-08, page/content date)"
https://aipoch.com/agent-skills/endpoint-definition-designer,2026-09-17T00:00:00.000Z,2026-10-08T00:00:00.000Z,"max(persistent shared layout 2026-10-08, page/content date)"
https://aipoch.com/agent-skills/dual-disease-shared-transcriptome-biomarker-research-planner,2026-09-17T00:00:00.000Z,2026-10-08T00:00:00.000Z,"max(persistent shared layout 2026-10-08, page/content date)"
https://aipoch.com/agent-skills/drug-repurposing-study-planner,2026-09-17T00:00:00.000Z,2026-10-08T00:00:00.000Z,"max(persistent shared layout 2026-10-08, page/content date)"
https://aipoch.com/agent-skills/cross-disease-shared-biomarker-network-research-planner,2026-09-17T00:00:00.000Z,2026-10-08T00:00:00.000Z,"max(persistent shared layout 2026-10-08, page/content date)"
https://aipoch.com/agent-skills/conventional-oncology-hub-gene-research-planner,2026-09-17T00:00:00.000Z,2026-10-08T00:00:00.000Z,"max(persistent shared layout 2026-10-08, page/content date)"
https://aipoch.com/agent-skills/conventional-non-oncology-hub-gene-research-planner,2026-09-17T00:00:00.000Z,2026-10-08T00:00:00.000Z,"max(persistent shared layout 2026-10-08, page/content date)"
https://aipoch.com/agent-skills/confounder-and-bias-control-planner,2026-09-17T00:00:00.000Z,2026-10-08T00:00:00.000Z,"max(persistent shared layout 2026-10-08, page/content date)"
https://aipoch.com/agent-skills/comparative-network-toxicology-shared-mechanism-reference-grounded,2026-09-17T00:00:00.000Z,2026-10-08T00:00:00.000Z,"max(persistent shared layout 2026-10-08, page/content date)"
https://aipoch.com/agent-skills/comorbidity-common-immune-biomarker-research-planner,2026-09-17T00:00:00.000Z,2026-10-08T00:00:00.000Z,"max(persistent shared layout 2026-10-08, page/content date)"
https://aipoch.com/agent-skills/clinical-cohort-protocol-designer,2026-09-17T00:00:00.000Z,2026-10-08T00:00:00.000Z,"max(persistent shared layout 2026-10-08, page/content date)"
https://aipoch.com/agent-skills/case-control-study-planner,2026-09-17T00:00:00.000Z,2026-10-08T00:00:00.000Z,"max(persistent shared layout 2026-10-08, page/content date)"
https://aipoch.com/agent-skills/bulk-omics-integrative-planner,2026-09-17T00:00:00.000Z,2026-10-08T00:00:00.000Z,"max(persistent shared layout 2026-10-08, page/content date)"
https://aipoch.com/agent-skills/bidirectional-multi-phenotype-mr-research-planner,2026-09-17T00:00:00.000Z,2026-10-08T00:00:00.000Z,"max(persistent shared layout 2026-10-08, page/content date)"
https://aipoch.com/agent-skills/animal-and-cell-validation-planner,2026-09-17T00:00:00.000Z,2026-10-08T00:00:00.000Z,"max(persistent shared layout 2026-10-08, page/content date)"
https://aipoch.com/agent-skills/aim-and-hypothesis-designer,2026-09-17T00:00:00.000Z,2026-10-08T00:00:00.000Z,"max(persistent shared layout 2026-10-08, page/content date)"
https://aipoch.com/agent-skills/active-comparator-single-soc-faers-safety-comparison,2026-09-17T00:00:00.000Z,2026-10-08T00:00:00.000Z,"max(persistent shared layout 2026-10-08, page/content date)"
https://aipoch.com/agent-skills/xgboost-analysis,2026-09-17T00:00:00.000Z,2026-10-08T00:00:00.000Z,"max(persistent shared layout 2026-10-08, page/content date)"
https://aipoch.com/agent-skills/wgcna-analysis,2026-09-17T00:00:00.000Z,2026-10-08T00:00:00.000Z,"max(persistent shared layout 2026-10-08, page/content date)"
https://aipoch.com/agent-skills/univariate-multivariable-cox-regression,2026-09-17T00:00:00.000Z,2026-10-08T00:00:00.000Z,"max(persistent shared layout 2026-10-08, page/content date)"
https://aipoch.com/agent-skills/umap-tsne-analysis,2026-09-17T00:00:00.000Z,2026-10-08T00:00:00.000Z,"max(persistent shared layout 2026-10-08, page/content date)"
https://aipoch.com/agent-skills/time-dependent-roc,2026-09-17T00:00:00.000Z,2026-10-08T00:00:00.000Z,"max(persistent shared layout 2026-10-08, page/content date)"
https://aipoch.com/agent-skills/tf-target-gene-regulatory-network,2026-09-17T00:00:00.000Z,2026-10-08T00:00:00.000Z,"max(persistent shared layout 2026-10-08, page/content date)"
https://aipoch.com/agent-skills/svm-model-importance-analysis,2026-09-17T00:00:00.000Z,2026-10-08T00:00:00.000Z,"max(persistent shared layout 2026-10-08, page/content date)"
https://aipoch.com/agent-skills/ssgsea-immune-infiltration-analysis,2026-09-17T00:00:00.000Z,2026-10-08T00:00:00.000Z,"max(persistent shared layout 2026-10-08, page/content date)"
https://aipoch.com/agent-skills/sample-group-sankey-plot,2026-09-17T00:00:00.000Z,2026-10-08T00:00:00.000Z,"max(persistent shared layout 2026-10-08, page/content date)"
https://aipoch.com/agent-skills/sample-correlation-analysis,2026-09-17T00:00:00.000Z,2026-10-08T00:00:00.000Z,"max(persistent shared layout 2026-10-08, page/content date)"
https://aipoch.com/agent-skills/roc-diagnostic-performance,2026-09-17T00:00:00.000Z,2026-10-08T00:00:00.000Z,"max(persistent shared layout 2026-10-08, page/content date)"
https://aipoch.com/agent-skills/rf-model-importance-analysis,2026-09-17T00:00:00.000Z,2026-10-08T00:00:00.000Z,"max(persistent shared layout 2026-10-08, page/content date)"
https://aipoch.com/agent-skills/ppi-network-analysis,2026-09-17T00:00:00.000Z,2026-10-08T00:00:00.000Z,"max(persistent shared layout 2026-10-08, page/content date)"
https://aipoch.com/agent-skills/pca-dimensionality-reduction,2026-09-17T00:00:00.000Z,2026-10-08T00:00:00.000Z,"max(persistent shared layout 2026-10-08, page/content date)"
https://aipoch.com/agent-skills/nomogram-construction,2026-09-17T00:00:00.000Z,2026-10-08T00:00:00.000Z,"max(persistent shared layout 2026-10-08, page/content date)"
https://aipoch.com/agent-skills/model-calibration-curve,2026-09-17T00:00:00.000Z,2026-10-08T00:00:00.000Z,"max(persistent shared layout 2026-10-08, page/content date)"
https://aipoch.com/agent-skills/lncrna-regulatory-network-construction-analysis,2026-09-17T00:00:00.000Z,2026-10-08T00:00:00.000Z,"max(persistent shared layout 2026-10-08, page/content date)"
https://aipoch.com/agent-skills/lightgbm-analysis,2026-09-17T00:00:00.000Z,2026-10-08T00:00:00.000Z,"max(persistent shared layout 2026-10-08, page/content date)"
https://aipoch.com/agent-skills/lasso-logistics-analysis,2026-09-17T00:00:00.000Z,2026-10-08T00:00:00.000Z,"max(persistent shared layout 2026-10-08, page/content date)"
https://aipoch.com/agent-skills/knn-imputation,2026-09-17T00:00:00.000Z,2026-10-08T00:00:00.000Z,"max(persistent shared layout 2026-10-08, page/content date)"
https://aipoch.com/agent-skills/km-survival-curve,2026-09-17T00:00:00.000Z,2026-10-08T00:00:00.000Z,"max(persistent shared layout 2026-10-08, page/content date)"
https://aipoch.com/agent-skills/immune-pathway-analysis,2026-09-17T00:00:00.000Z,2026-10-08T00:00:00.000Z,"max(persistent shared layout 2026-10-08, page/content date)"
https://aipoch.com/agent-skills/hierarchical-clustering-plot,2026-09-17T00:00:00.000Z,2026-10-08T00:00:00.000Z,"max(persistent shared layout 2026-10-08, page/content date)"
https://aipoch.com/agent-skills/gsva-analysis-and-visualization,2026-09-17T00:00:00.000Z,2026-10-08T00:00:00.000Z,"max(persistent shared layout 2026-10-08, page/content date)"
https://aipoch.com/agent-skills/gokegg,2026-09-17T00:00:00.000Z,2026-10-08T00:00:00.000Z,"max(persistent shared layout 2026-10-08, page/content date)"
https://aipoch.com/agent-skills/gene-protein-expression-matrix-normalization,2026-09-17T00:00:00.000Z,2026-10-08T00:00:00.000Z,"max(persistent shared layout 2026-10-08, page/content date)"
https://aipoch.com/agent-skills/external-model-validation,2026-09-17T00:00:00.000Z,2026-10-08T00:00:00.000Z,"max(persistent shared layout 2026-10-08, page/content date)"
https://aipoch.com/agent-skills/estimate-immune-score-analysis,2026-09-17T00:00:00.000Z,2026-10-08T00:00:00.000Z,"max(persistent shared layout 2026-10-08, page/content date)"
https://aipoch.com/agent-skills/elastic-net-feature-selection,2026-09-17T00:00:00.000Z,2026-10-08T00:00:00.000Z,"max(persistent shared layout 2026-10-08, page/content date)"
https://aipoch.com/agent-skills/differential-expression-analysis,2026-09-17T00:00:00.000Z,2026-10-08T00:00:00.000Z,"max(persistent shared layout 2026-10-08, page/content date)"
https://aipoch.com/agent-skills/deg-screening-analysis,2026-09-17T00:00:00.000Z,2026-10-08T00:00:00.000Z,"max(persistent shared layout 2026-10-08, page/content date)"
https://aipoch.com/agent-skills/decision-tree-analysis,2026-09-17T00:00:00.000Z,2026-10-08T00:00:00.000Z,"max(persistent shared layout 2026-10-08, page/content date)"
https://aipoch.com/agent-skills/decision-curve-analysis,2026-09-17T00:00:00.000Z,2026-10-08T00:00:00.000Z,"max(persistent shared layout 2026-10-08, page/content date)"
https://aipoch.com/agent-skills/consensus-clustering-analysis,2026-09-17T00:00:00.000Z,2026-10-08T00:00:00.000Z,"max(persistent shared layout 2026-10-08, page/content date)"
https://aipoch.com/agent-skills/cibersort-immune-infiltration-analysis,2026-09-17T00:00:00.000Z,2026-10-08T00:00:00.000Z,"max(persistent shared layout 2026-10-08, page/content date)"
https://aipoch.com/agent-skills/cerna-analysis,2026-09-17T00:00:00.000Z,2026-10-08T00:00:00.000Z,"max(persistent shared layout 2026-10-08, page/content date)"
https://aipoch.com/agent-skills/batch-effect-correction,2026-09-17T00:00:00.000Z,2026-10-08T00:00:00.000Z,"max(persistent shared layout 2026-10-08, page/content date)"
https://aipoch.com/agent-skills/title-and-abstract-optimizer,2026-09-17T00:00:00.000Z,2026-10-08T00:00:00.000Z,"max(persistent shared layout 2026-10-08, page/content date)"
https://aipoch.com/agent-skills/target-journal-matcher,2026-09-17T00:00:00.000Z,2026-10-08T00:00:00.000Z,"max(persistent shared layout 2026-10-08, page/content date)"
https://aipoch.com/agent-skills/table-narrative-writer,2026-09-17T00:00:00.000Z,2026-10-08T00:00:00.000Z,"max(persistent shared layout 2026-10-08, page/content date)"
https://aipoch.com/agent-skills/slide-deck-for-lab-meeting,2026-09-17T00:00:00.000Z,2026-10-08T00:00:00.000Z,"max(persistent shared layout 2026-10-08, page/content date)"
https://aipoch.com/agent-skills/revision-strategy-planner,2026-09-17T00:00:00.000Z,2026-10-08T00:00:00.000Z,"max(persistent shared layout 2026-10-08, page/content date)"
https://aipoch.com/agent-skills/results-section-writer,2026-09-17T00:00:00.000Z,2026-10-08T00:00:00.000Z,"max(persistent shared layout 2026-10-08, page/content date)"
https://aipoch.com/agent-skills/results-section-structurer,2026-09-17T00:00:00.000Z,2026-10-08T00:00:00.000Z,"max(persistent shared layout 2026-10-08, page/content date)"
https://aipoch.com/agent-skills/reporting-guideline-compliance-checker,2026-09-17T00:00:00.000Z,2026-10-08T00:00:00.000Z,"max(persistent shared layout 2026-10-08, page/content date)"
https://aipoch.com/agent-skills/reference-integrity-checker,2026-09-17T00:00:00.000Z,2026-10-08T00:00:00.000Z,"max(persistent shared layout 2026-10-08, page/content date)"
https://aipoch.com/agent-skills/poster-storyline-builder,2026-09-17T00:00:00.000Z,2026-10-08T00:00:00.000Z,"max(persistent shared layout 2026-10-08, page/content date)"
https://aipoch.com/agent-skills/paper-sprint-review,2026-09-17T00:00:00.000Z,2026-10-08T00:00:00.000Z,"max(persistent shared layout 2026-10-08, page/content date)"
https://aipoch.com/agent-skills/methods-section-writer,2026-09-17T00:00:00.000Z,2026-10-08T00:00:00.000Z,"max(persistent shared layout 2026-10-08, page/content date)"
https://aipoch.com/agent-skills/medical-english-precision-editor,2026-09-17T00:00:00.000Z,2026-10-08T00:00:00.000Z,"max(persistent shared layout 2026-10-08, page/content date)"
https://aipoch.com/agent-skills/limitation-and-risk-writer,2026-09-17T00:00:00.000Z,2026-10-08T00:00:00.000Z,"max(persistent shared layout 2026-10-08, page/content date)"
https://aipoch.com/agent-skills/lay-summary-for-cross-disciplinary-teams,2026-09-17T00:00:00.000Z,2026-10-08T00:00:00.000Z,"max(persistent shared layout 2026-10-08, page/content date)"
https://aipoch.com/agent-skills/latex-manuscript-format-converter,2026-09-17T00:00:00.000Z,2026-10-08T00:00:00.000Z,"max(persistent shared layout 2026-10-08, page/content date)"
https://aipoch.com/agent-skills/introduction-section-writer,2026-09-17T00:00:00.000Z,2026-10-08T00:00:00.000Z,"max(persistent shared layout 2026-10-08, page/content date)"
https://aipoch.com/agent-skills/introduction-logic-builder,2026-09-17T00:00:00.000Z,2026-10-08T00:00:00.000Z,"max(persistent shared layout 2026-10-08, page/content date)"
https://aipoch.com/agent-skills/graphical-abstract-generator,2026-09-17T00:00:00.000Z,2026-10-08T00:00:00.000Z,"max(persistent shared layout 2026-10-08, page/content date)"
https://aipoch.com/agent-skills/grant-specific-aims-writer,2026-09-17T00:00:00.000Z,2026-10-08T00:00:00.000Z,"max(persistent shared layout 2026-10-08, page/content date)"
https://aipoch.com/agent-skills/figure-legend-writer,2026-09-17T00:00:00.000Z,2026-10-08T00:00:00.000Z,"max(persistent shared layout 2026-10-08, page/content date)"
https://aipoch.com/agent-skills/discussion-composer,2026-09-17T00:00:00.000Z,2026-10-08T00:00:00.000Z,"max(persistent shared layout 2026-10-08, page/content date)"
https://aipoch.com/agent-skills/cover-letter-drafter,2026-09-17T00:00:00.000Z,2026-10-08T00:00:00.000Z,"max(persistent shared layout 2026-10-08, page/content date)"
https://aipoch.com/agent-skills/consistency-checker-across-manuscript,2026-09-17T00:00:00.000Z,2026-10-08T00:00:00.000Z,"max(persistent shared layout 2026-10-08, page/content date)"
https://aipoch.com/agent-skills/conference-abstract-writer,2026-09-17T00:00:00.000Z,2026-10-08T00:00:00.000Z,"max(persistent shared layout 2026-10-08, page/content date)"
https://aipoch.com/agent-skills/claim-strength-calibrator,2026-09-17T00:00:00.000Z,2026-10-08T00:00:00.000Z,"max(persistent shared layout 2026-10-08, page/content date)"
https://aipoch.com/agent-skills/author-response-builder,2026-09-17T00:00:00.000Z,2026-10-08T00:00:00.000Z,"max(persistent shared layout 2026-10-08, page/content date)"
https://aipoch.com/agent-skills/arxiv-preflight,2026-09-17T00:00:00.000Z,2026-10-08T00:00:00.000Z,"max(persistent shared layout 2026-10-08, page/content date)"
https://aipoch.com/agent-skills/mendel,2026-09-17T00:00:00.000Z,2026-10-08T00:00:00.000Z,"max(persistent shared layout 2026-10-08, page/content date)"
https://aipoch.com/agent-skills/bianque,2026-09-17T00:00:00.000Z,2026-10-08T00:00:00.000Z,"max(persistent shared layout 2026-10-08, page/content date)"
https://aipoch.com/agent-skills/tumor-immune-infiltration-diagnostic-ml,2026-09-17T00:00:00.000Z,2026-10-08T00:00:00.000Z,"max(persistent shared layout 2026-10-08, page/content date)"
https://aipoch.com/agent-skills/single-gene-oncology-reference-grounded,2026-09-17T00:00:00.000Z,2026-10-08T00:00:00.000Z,"max(persistent shared layout 2026-10-08, page/content date)"
https://aipoch.com/agent-skills/single-drug-faers-safety-profile,2026-09-17T00:00:00.000Z,2026-10-08T00:00:00.000Z,"max(persistent shared layout 2026-10-08, page/content date)"
https://aipoch.com/agent-skills/single-cell,2026-09-17T00:00:00.000Z,2026-10-08T00:00:00.000Z,"max(persistent shared layout 2026-10-08, page/content date)"
https://aipoch.com/agent-skills/process-related-diagnostic-biomarker-nomogram,2026-09-17T00:00:00.000Z,2026-10-08T00:00:00.000Z,"max(persistent shared layout 2026-10-08, page/content date)"
https://aipoch.com/agent-skills/pcd-immune-oncology,2026-09-17T00:00:00.000Z,2026-10-08T00:00:00.000Z,"max(persistent shared layout 2026-10-08, page/content date)"
https://aipoch.com/agent-skills/non-tumor-mechanism-guided-diagnostic-ml,2026-09-17T00:00:00.000Z,2026-10-08T00:00:00.000Z,"max(persistent shared layout 2026-10-08, page/content date)"
https://aipoch.com/agent-skills/nhanes-clinical-retrospective-biomarker,2026-09-17T00:00:00.000Z,2026-10-08T00:00:00.000Z,"max(persistent shared layout 2026-10-08, page/content date)"
https://aipoch.com/agent-skills/mr-scrna,2026-09-17T00:00:00.000Z,2026-10-08T00:00:00.000Z,"max(persistent shared layout 2026-10-08, page/content date)"
https://aipoch.com/agent-skills/generic-phenotype-scoring,2026-09-17T00:00:00.000Z,2026-10-08T00:00:00.000Z,"max(persistent shared layout 2026-10-08, page/content date)"
https://aipoch.com/agent-skills/faers-pharmacovigilance-disproportionality,2026-09-17T00:00:00.000Z,2026-10-08T00:00:00.000Z,"max(persistent shared layout 2026-10-08, page/content date)"
https://aipoch.com/agent-skills/dual-disease-shared-transcriptome-biomarker,2026-09-17T00:00:00.000Z,2026-10-08T00:00:00.000Z,"max(persistent shared layout 2026-10-08, page/content date)"
https://aipoch.com/agent-skills/cross-disease-shared-biomarker-network,2026-09-17T00:00:00.000Z,2026-10-08T00:00:00.000Z,"max(persistent shared layout 2026-10-08, page/content date)"
https://aipoch.com/agent-skills/conventional-oncology-hub-gene,2026-09-17T00:00:00.000Z,2026-10-08T00:00:00.000Z,"max(persistent shared layout 2026-10-08, page/content date)"
https://aipoch.com/agent-skills/conventional-non-oncology-hub-gene,2026-09-17T00:00:00.000Z,2026-10-08T00:00:00.000Z,"max(persistent shared layout 2026-10-08, page/content date)"
https://aipoch.com/agent-skills/comorbidity-common-immune-biomarker,2026-09-17T00:00:00.000Z,2026-10-08T00:00:00.000Z,"max(persistent shared layout 2026-10-08, page/content date)"
https://aipoch.com/agent-skills/bidirectional-multi-phenotype-mr,2026-09-17T00:00:00.000Z,2026-10-08T00:00:00.000Z,"max(persistent shared layout 2026-10-08, page/content date)"
https://aipoch.com/agent-skills/research-proposal-generator,2026-09-17T00:00:00.000Z,2026-10-08T00:00:00.000Z,"max(persistent shared layout 2026-10-08, page/content date)"
https://aipoch.com/agent-skills/research-grants,2026-09-17T00:00:00.000Z,2026-10-08T00:00:00.000Z,"max(persistent shared layout 2026-10-08, page/content date)"
https://aipoch.com/agent-skills/protocol-standardization,2026-09-17T00:00:00.000Z,2026-10-08T00:00:00.000Z,"max(persistent shared layout 2026-10-08, page/content date)"
https://aipoch.com/agent-skills/prospero-registration-helper,2026-09-17T00:00:00.000Z,2026-10-08T00:00:00.000Z,"max(persistent shared layout 2026-10-08, page/content date)"
https://aipoch.com/agent-skills/meta-protocol-writer,2026-09-17T00:00:00.000Z,2026-10-08T00:00:00.000Z,"max(persistent shared layout 2026-10-08, page/content date)"
https://aipoch.com/agent-skills/INPLASY-registration-helper,2026-09-17T00:00:00.000Z,2026-10-08T00:00:00.000Z,"max(persistent shared layout 2026-10-08, page/content date)"
https://aipoch.com/agent-skills/hypothesis-generation,2026-09-17T00:00:00.000Z,2026-10-08T00:00:00.000Z,"max(persistent shared layout 2026-10-08, page/content date)"
https://aipoch.com/agent-skills/hypogenic,2026-09-17T00:00:00.000Z,2026-10-08T00:00:00.000Z,"max(persistent shared layout 2026-10-08, page/content date)"
https://aipoch.com/agent-skills/esm,2026-09-17T00:00:00.000Z,2026-10-08T00:00:00.000Z,"max(persistent shared layout 2026-10-08, page/content date)"
https://aipoch.com/agent-skills/clinic-research-design,2026-09-17T00:00:00.000Z,2026-10-08T00:00:00.000Z,"max(persistent shared layout 2026-10-08, page/content date)"
https://aipoch.com/agent-skills/basic-research-design,2026-09-17T00:00:00.000Z,2026-10-08T00:00:00.000Z,"max(persistent shared layout 2026-10-08, page/content date)"
https://aipoch.com/agent-skills/western-blot-quantifier,2026-09-17T00:00:00.000Z,2026-10-08T00:00:00.000Z,"max(persistent shared layout 2026-10-08, page/content date)"
https://aipoch.com/agent-skills/volcano-plot-script,2026-09-17T00:00:00.000Z,2026-10-08T00:00:00.000Z,"max(persistent shared layout 2026-10-08, page/content date)"
https://aipoch.com/agent-skills/volcano-plot-labeler,2026-09-17T00:00:00.000Z,2026-10-08T00:00:00.000Z,"max(persistent shared layout 2026-10-08, page/content date)"
https://aipoch.com/agent-skills/variant-pathogenicity-predictor,2026-09-17T00:00:00.000Z,2026-10-08T00:00:00.000Z,"max(persistent shared layout 2026-10-08, page/content date)"
https://aipoch.com/agent-skills/upset-plot-converter,2026-09-17T00:00:00.000Z,2026-10-08T00:00:00.000Z,"max(persistent shared layout 2026-10-08, page/content date)"
https://aipoch.com/agent-skills/toxicity-structure-alert,2026-09-17T00:00:00.000Z,2026-10-08T00:00:00.000Z,"max(persistent shared layout 2026-10-08, page/content date)"
https://aipoch.com/agent-skills/table-1-generator,2026-09-17T00:00:00.000Z,2026-10-08T00:00:00.000Z,"max(persistent shared layout 2026-10-08, page/content date)"
https://aipoch.com/agent-skills/survival-curve-risk-table,2026-09-17T00:00:00.000Z,2026-10-08T00:00:00.000Z,"max(persistent shared layout 2026-10-08, page/content date)"
https://aipoch.com/agent-skills/survival-analysis-km,2026-09-17T00:00:00.000Z,2026-10-08T00:00:00.000Z,"max(persistent shared layout 2026-10-08, page/content date)"
https://aipoch.com/agent-skills/study-design-scale-selector,2026-09-17T00:00:00.000Z,2026-10-08T00:00:00.000Z,"max(persistent shared layout 2026-10-08, page/content date)"
https://aipoch.com/agent-skills/statistical-analysis-advisor,2026-09-17T00:00:00.000Z,2026-10-08T00:00:00.000Z,"max(persistent shared layout 2026-10-08, page/content date)"
https://aipoch.com/agent-skills/statistical-analysis,2026-09-17T00:00:00.000Z,2026-10-08T00:00:00.000Z,"max(persistent shared layout 2026-10-08, page/content date)"
https://aipoch.com/agent-skills/spatial-transcriptomics-mapper,2026-09-17T00:00:00.000Z,2026-10-08T00:00:00.000Z,"max(persistent shared layout 2026-10-08, page/content date)"
https://aipoch.com/agent-skills/smiles-de-salter,2026-09-17T00:00:00.000Z,2026-10-08T00:00:00.000Z,"max(persistent shared layout 2026-10-08, page/content date)"
https://aipoch.com/agent-skills/singlecell-portal,2026-09-17T00:00:00.000Z,2026-10-08T00:00:00.000Z,"max(persistent shared layout 2026-10-08, page/content date)"
https://aipoch.com/agent-skills/sequence-alignment,2026-09-17T00:00:00.000Z,2026-10-08T00:00:00.000Z,"max(persistent shared layout 2026-10-08, page/content date)"
https://aipoch.com/agent-skills/seaborn,2026-09-17T00:00:00.000Z,2026-10-08T00:00:00.000Z,"max(persistent shared layout 2026-10-08, page/content date)"
https://aipoch.com/agent-skills/scvi-tools,2026-09-17T00:00:00.000Z,2026-10-08T00:00:00.000Z,"max(persistent shared layout 2026-10-08, page/content date)"
https://aipoch.com/agent-skills/scrna-cell-type-annotator,2026-09-17T00:00:00.000Z,2026-10-08T00:00:00.000Z,"max(persistent shared layout 2026-10-08, page/content date)"
https://aipoch.com/agent-skills/scikit-survival,2026-09-17T00:00:00.000Z,2026-10-08T00:00:00.000Z,"max(persistent shared layout 2026-10-08, page/content date)"
https://aipoch.com/agent-skills/scikit-bio,2026-09-17T00:00:00.000Z,2026-10-08T00:00:00.000Z,"max(persistent shared layout 2026-10-08, page/content date)"
https://aipoch.com/agent-skills/scanpy,2026-09-17T00:00:00.000Z,2026-10-08T00:00:00.000Z,"max(persistent shared layout 2026-10-08, page/content date)"
https://aipoch.com/agent-skills/sanger-chromatogram-qa,2026-09-17T00:00:00.000Z,2026-10-08T00:00:00.000Z,"max(persistent shared layout 2026-10-08, page/content date)"
https://aipoch.com/agent-skills/rowan,2026-09-17T00:00:00.000Z,2026-10-08T00:00:00.000Z,"max(persistent shared layout 2026-10-08, page/content date)"
https://aipoch.com/agent-skills/rct-bias-assessment-rob2,2026-09-17T00:00:00.000Z,2026-10-08T00:00:00.000Z,"max(persistent shared layout 2026-10-08, page/content date)"
https://aipoch.com/agent-skills/quality-assessment,2026-09-17T00:00:00.000Z,2026-10-08T00:00:00.000Z,"max(persistent shared layout 2026-10-08, page/content date)"
https://aipoch.com/agent-skills/pysam,2026-09-17T00:00:00.000Z,2026-10-08T00:00:00.000Z,"max(persistent shared layout 2026-10-08, page/content date)"
https://aipoch.com/agent-skills/pyopenms-skill,2026-09-17T00:00:00.000Z,2026-10-08T00:00:00.000Z,"max(persistent shared layout 2026-10-08, page/content date)"
https://aipoch.com/agent-skills/pydicom,2026-09-17T00:00:00.000Z,2026-10-08T00:00:00.000Z,"max(persistent shared layout 2026-10-08, page/content date)"
https://aipoch.com/agent-skills/pydeseq2,2026-09-17T00:00:00.000Z,2026-10-08T00:00:00.000Z,"max(persistent shared layout 2026-10-08, page/content date)"
https://aipoch.com/agent-skills/pseudotime-trajectory-viz,2026-09-17T00:00:00.000Z,2026-10-08T00:00:00.000Z,"max(persistent shared layout 2026-10-08, page/content date)"
https://aipoch.com/agent-skills/protocol-deviation-classifier,2026-09-17T00:00:00.000Z,2026-10-08T00:00:00.000Z,"max(persistent shared layout 2026-10-08, page/content date)"
https://aipoch.com/agent-skills/preclinical-pkpd-analyst,2026-09-17T00:00:00.000Z,2026-10-08T00:00:00.000Z,"max(persistent shared layout 2026-10-08, page/content date)"
https://aipoch.com/agent-skills/phylogenetic-tree-styler,2026-09-17T00:00:00.000Z,2026-10-08T00:00:00.000Z,"max(persistent shared layout 2026-10-08, page/content date)"
https://aipoch.com/agent-skills/pathology-roi-selector,2026-09-17T00:00:00.000Z,2026-10-08T00:00:00.000Z,"max(persistent shared layout 2026-10-08, page/content date)"
https://aipoch.com/agent-skills/pathml,2026-09-17T00:00:00.000Z,2026-10-08T00:00:00.000Z,"max(persistent shared layout 2026-10-08, page/content date)"
https://aipoch.com/agent-skills/outlier-detection-handler,2026-09-17T00:00:00.000Z,2026-10-08T00:00:00.000Z,"max(persistent shared layout 2026-10-08, page/content date)"
https://aipoch.com/agent-skills/neuropixels-analysis,2026-09-17T00:00:00.000Z,2026-10-08T00:00:00.000Z,"max(persistent shared layout 2026-10-08, page/content date)"
https://aipoch.com/agent-skills/neurokit2,2026-09-17T00:00:00.000Z,2026-10-08T00:00:00.000Z,"max(persistent shared layout 2026-10-08, page/content date)"
https://aipoch.com/agent-skills/neoantigen-predictor,2026-09-17T00:00:00.000Z,2026-10-08T00:00:00.000Z,"max(persistent shared layout 2026-10-08, page/content date)"
https://aipoch.com/agent-skills/motif-logo-generator,2026-09-17T00:00:00.000Z,2026-10-08T00:00:00.000Z,"max(persistent shared layout 2026-10-08, page/content date)"
https://aipoch.com/agent-skills/metagenomic-krona-chart,2026-09-17T00:00:00.000Z,2026-10-08T00:00:00.000Z,"max(persistent shared layout 2026-10-08, page/content date)"
https://aipoch.com/agent-skills/metabolomics-workbench-database,2026-09-17T00:00:00.000Z,2026-10-08T00:00:00.000Z,"max(persistent shared layout 2026-10-08, page/content date)"
https://aipoch.com/agent-skills/meta-title-generator,2026-09-17T00:00:00.000Z,2026-10-08T00:00:00.000Z,"max(persistent shared layout 2026-10-08, page/content date)"
https://aipoch.com/agent-skills/meta-sensitivity-plot,2026-09-17T00:00:00.000Z,2026-10-08T00:00:00.000Z,"max(persistent shared layout 2026-10-08, page/content date)"
https://aipoch.com/agent-skills/meta-screening-fulltext,2026-09-17T00:00:00.000Z,2026-10-08T00:00:00.000Z,"max(persistent shared layout 2026-10-08, page/content date)"
https://aipoch.com/agent-skills/meta-rob2-plot,2026-09-17T00:00:00.000Z,2026-10-08T00:00:00.000Z,"max(persistent shared layout 2026-10-08, page/content date)"
https://aipoch.com/agent-skills/meta-radial-plot,2026-09-17T00:00:00.000Z,2026-10-08T00:00:00.000Z,"max(persistent shared layout 2026-10-08, page/content date)"
https://aipoch.com/agent-skills/meta-picos-generator,2026-09-17T00:00:00.000Z,2026-10-08T00:00:00.000Z,"max(persistent shared layout 2026-10-08, page/content date)"
https://aipoch.com/agent-skills/meta-funnel-plot,2026-09-17T00:00:00.000Z,2026-10-08T00:00:00.000Z,"max(persistent shared layout 2026-10-08, page/content date)"
https://aipoch.com/agent-skills/meta-forest-model-plot,2026-09-17T00:00:00.000Z,2026-10-08T00:00:00.000Z,"max(persistent shared layout 2026-10-08, page/content date)"
https://aipoch.com/agent-skills/meta-forest-continuous-plot,2026-09-17T00:00:00.000Z,2026-10-08T00:00:00.000Z,"max(persistent shared layout 2026-10-08, page/content date)"
https://aipoch.com/agent-skills/meta-forest-binary-plot,2026-09-17T00:00:00.000Z,2026-10-08T00:00:00.000Z,"max(persistent shared layout 2026-10-08, page/content date)"
https://aipoch.com/agent-skills/meta-feasibility-analyzer,2026-09-17T00:00:00.000Z,2026-10-08T00:00:00.000Z,"max(persistent shared layout 2026-10-08, page/content date)"
https://aipoch.com/agent-skills/meta-criteria-generator,2026-09-17T00:00:00.000Z,2026-10-08T00:00:00.000Z,"max(persistent shared layout 2026-10-08, page/content date)"
https://aipoch.com/agent-skills/meta-baujat-plot,2026-09-17T00:00:00.000Z,2026-10-08T00:00:00.000Z,"max(persistent shared layout 2026-10-08, page/content date)"
https://aipoch.com/agent-skills/meta-abstract-screener,2026-09-17T00:00:00.000Z,2026-10-08T00:00:00.000Z,"max(persistent shared layout 2026-10-08, page/content date)"
https://aipoch.com/agent-skills/mechanism-flowchart,2026-09-17T00:00:00.000Z,2026-10-08T00:00:00.000Z,"max(persistent shared layout 2026-10-08, page/content date)"
https://aipoch.com/agent-skills/matplotlib,2026-09-17T00:00:00.000Z,2026-10-08T00:00:00.000Z,"max(persistent shared layout 2026-10-08, page/content date)"
https://aipoch.com/agent-skills/matchms,2026-09-17T00:00:00.000Z,2026-10-08T00:00:00.000Z,"max(persistent shared layout 2026-10-08, page/content date)"
https://aipoch.com/agent-skills/lipinski-rule-filter,2026-09-17T00:00:00.000Z,2026-10-08T00:00:00.000Z,"max(persistent shared layout 2026-10-08, page/content date)"
https://aipoch.com/agent-skills/lamindb,2026-09-17T00:00:00.000Z,2026-10-08T00:00:00.000Z,"max(persistent shared layout 2026-10-08, page/content date)"
https://aipoch.com/agent-skills/lab-budget-forecaster,2026-09-17T00:00:00.000Z,2026-10-08T00:00:00.000Z,"max(persistent shared layout 2026-10-08, page/content date)"
https://aipoch.com/agent-skills/histolab,2026-09-17T00:00:00.000Z,2026-10-08T00:00:00.000Z,"max(persistent shared layout 2026-10-08, page/content date)"
https://aipoch.com/agent-skills/heatmap-beautifier,2026-09-17T00:00:00.000Z,2026-10-08T00:00:00.000Z,"max(persistent shared layout 2026-10-08, page/content date)"
https://aipoch.com/agent-skills/gtars,2026-09-17T00:00:00.000Z,2026-10-08T00:00:00.000Z,"max(persistent shared layout 2026-10-08, page/content date)"
https://aipoch.com/agent-skills/graphical-abstract-wizard,2026-09-17T00:00:00.000Z,2026-10-08T00:00:00.000Z,"max(persistent shared layout 2026-10-08, page/content date)"
https://aipoch.com/agent-skills/geopandas,2026-09-17T00:00:00.000Z,2026-10-08T00:00:00.000Z,"max(persistent shared layout 2026-10-08, page/content date)"
https://aipoch.com/agent-skills/geniml,2026-09-17T00:00:00.000Z,2026-10-08T00:00:00.000Z,"max(persistent shared layout 2026-10-08, page/content date)"
https://aipoch.com/agent-skills/gene-structure-mapper,2026-09-17T00:00:00.000Z,2026-10-08T00:00:00.000Z,"max(persistent shared layout 2026-10-08, page/content date)"
https://aipoch.com/agent-skills/forest-plot-styler,2026-09-17T00:00:00.000Z,2026-10-08T00:00:00.000Z,"max(persistent shared layout 2026-10-08, page/content date)"
https://aipoch.com/agent-skills/flowio,2026-09-17T00:00:00.000Z,2026-10-08T00:00:00.000Z,"max(persistent shared layout 2026-10-08, page/content date)"
https://aipoch.com/agent-skills/fastqc-report-interpreter,2026-09-17T00:00:00.000Z,2026-10-08T00:00:00.000Z,"max(persistent shared layout 2026-10-08, page/content date)"
https://aipoch.com/agent-skills/facs-gating-viz-style,2026-09-17T00:00:00.000Z,2026-10-08T00:00:00.000Z,"max(persistent shared layout 2026-10-08, page/content date)"
https://aipoch.com/agent-skills/experimental-data-analysis,2026-09-17T00:00:00.000Z,2026-10-08T00:00:00.000Z,"max(persistent shared layout 2026-10-08, page/content date)"
https://aipoch.com/agent-skills/etetoolkit,2026-09-17T00:00:00.000Z,2026-10-08T00:00:00.000Z,"max(persistent shared layout 2026-10-08, page/content date)"
https://aipoch.com/agent-skills/dnanexus-integration,2026-09-17T00:00:00.000Z,2026-10-08T00:00:00.000Z,"max(persistent shared layout 2026-10-08, page/content date)"
https://aipoch.com/agent-skills/diagnostic-study-quality-assessment-quadas-2,2026-09-17T00:00:00.000Z,2026-10-08T00:00:00.000Z,"max(persistent shared layout 2026-10-08, page/content date)"
https://aipoch.com/agent-skills/crispr-screen-analyzer,2026-09-17T00:00:00.000Z,2026-10-08T00:00:00.000Z,"max(persistent shared layout 2026-10-08, page/content date)"
https://aipoch.com/agent-skills/cohort-study-quality-assessment-nos,2026-09-17T00:00:00.000Z,2026-10-08T00:00:00.000Z,"max(persistent shared layout 2026-10-08, page/content date)"
https://aipoch.com/agent-skills/code-refactor-for-reproducibility,2026-09-17T00:00:00.000Z,2026-10-08T00:00:00.000Z,"max(persistent shared layout 2026-10-08, page/content date)"
https://aipoch.com/agent-skills/cobrapy,2026-09-17T00:00:00.000Z,2026-10-08T00:00:00.000Z,"max(persistent shared layout 2026-10-08, page/content date)"
https://aipoch.com/agent-skills/cnv-caller-plotter,2026-09-17T00:00:00.000Z,2026-10-08T00:00:00.000Z,"max(persistent shared layout 2026-10-08, page/content date)"
https://aipoch.com/agent-skills/clinical-data-cleaner,2026-09-17T00:00:00.000Z,2026-10-08T00:00:00.000Z,"max(persistent shared layout 2026-10-08, page/content date)"
https://aipoch.com/agent-skills/circos-plot-generator,2026-09-17T00:00:00.000Z,2026-10-08T00:00:00.000Z,"max(persistent shared layout 2026-10-08, page/content date)"
https://aipoch.com/agent-skills/bioservices,2026-09-17T00:00:00.000Z,2026-10-08T00:00:00.000Z,"max(persistent shared layout 2026-10-08, page/content date)"
https://aipoch.com/agent-skills/biopython-structure,2026-09-17T00:00:00.000Z,2026-10-08T00:00:00.000Z,"max(persistent shared layout 2026-10-08, page/content date)"
https://aipoch.com/agent-skills/biopython-sequence-io,2026-09-17T00:00:00.000Z,2026-10-08T00:00:00.000Z,"max(persistent shared layout 2026-10-08, page/content date)"
https://aipoch.com/agent-skills/biopython-phylo,2026-09-17T00:00:00.000Z,2026-10-08T00:00:00.000Z,"max(persistent shared layout 2026-10-08, page/content date)"
https://aipoch.com/agent-skills/biopython-alignment,2026-09-17T00:00:00.000Z,2026-10-08T00:00:00.000Z,"max(persistent shared layout 2026-10-08, page/content date)"
https://aipoch.com/agent-skills/biopython-advanced,2026-09-17T00:00:00.000Z,2026-10-08T00:00:00.000Z,"max(persistent shared layout 2026-10-08, page/content date)"
https://aipoch.com/agent-skills/biopython,2026-09-17T00:00:00.000Z,2026-10-08T00:00:00.000Z,"max(persistent shared layout 2026-10-08, page/content date)"
https://aipoch.com/agent-skills/anndata,2026-09-17T00:00:00.000Z,2026-10-08T00:00:00.000Z,"max(persistent shared layout 2026-10-08, page/content date)"
https://aipoch.com/agent-skills/adme-property-predictor,2026-09-17T00:00:00.000Z,2026-10-08T00:00:00.000Z,"max(persistent shared layout 2026-10-08, page/content date)"
https://aipoch.com/agent-skills/3d-molecule-ray-tracer,2026-09-17T00:00:00.000Z,2026-10-08T00:00:00.000Z,"max(persistent shared layout 2026-10-08, page/content date)"
https://aipoch.com/agent-skills/visual-content-desc,2026-09-17T00:00:00.000Z,2026-10-08T00:00:00.000Z,"max(persistent shared layout 2026-10-08, page/content date)"
https://aipoch.com/agent-skills/usmle-case-generator,2026-09-17T00:00:00.000Z,2026-10-08T00:00:00.000Z,"max(persistent shared layout 2026-10-08, page/content date)"
https://aipoch.com/agent-skills/tone-adjuster,2026-09-17T00:00:00.000Z,2026-10-08T00:00:00.000Z,"max(persistent shared layout 2026-10-08, page/content date)"
https://aipoch.com/agent-skills/study-limitations-drafter,2026-09-17T00:00:00.000Z,2026-10-08T00:00:00.000Z,"max(persistent shared layout 2026-10-08, page/content date)"
https://aipoch.com/agent-skills/semantic-consistency-auditor,2026-09-17T00:00:00.000Z,2026-10-08T00:00:00.000Z,"max(persistent shared layout 2026-10-08, page/content date)"
https://aipoch.com/agent-skills/sample-size-power-calculator,2026-09-17T00:00:00.000Z,2026-10-08T00:00:00.000Z,"max(persistent shared layout 2026-10-08, page/content date)"
https://aipoch.com/agent-skills/response-tone-polisher,2026-09-17T00:00:00.000Z,2026-10-08T00:00:00.000Z,"max(persistent shared layout 2026-10-08, page/content date)"
https://aipoch.com/agent-skills/response-letter,2026-09-17T00:00:00.000Z,2026-10-08T00:00:00.000Z,"max(persistent shared layout 2026-10-08, page/content date)"
https://aipoch.com/agent-skills/residency-interview-prep,2026-09-17T00:00:00.000Z,2026-10-08T00:00:00.000Z,"max(persistent shared layout 2026-10-08, page/content date)"
https://aipoch.com/agent-skills/referral-letter-generator,2026-09-17T00:00:00.000Z,2026-10-08T00:00:00.000Z,"max(persistent shared layout 2026-10-08, page/content date)"
https://aipoch.com/agent-skills/reference-style-sync,2026-09-17T00:00:00.000Z,2026-10-08T00:00:00.000Z,"max(persistent shared layout 2026-10-08, page/content date)"
https://aipoch.com/agent-skills/recommendation-letter-assistant,2026-09-17T00:00:00.000Z,2026-10-08T00:00:00.000Z,"max(persistent shared layout 2026-10-08, page/content date)"
https://aipoch.com/agent-skills/rebuttal-letter-strategist,2026-09-17T00:00:00.000Z,2026-10-08T00:00:00.000Z,"max(persistent shared layout 2026-10-08, page/content date)"
https://aipoch.com/agent-skills/radiology-image-quiz,2026-09-17T00:00:00.000Z,2026-10-08T00:00:00.000Z,"max(persistent shared layout 2026-10-08, page/content date)"
https://aipoch.com/agent-skills/q-and-a-prep-partner,2026-09-17T00:00:00.000Z,2026-10-08T00:00:00.000Z,"max(persistent shared layout 2026-10-08, page/content date)"
https://aipoch.com/agent-skills/prior-auth-letter-drafter,2026-09-17T00:00:00.000Z,2026-10-08T00:00:00.000Z,"max(persistent shared layout 2026-10-08, page/content date)"
https://aipoch.com/agent-skills/presentation-hook,2026-09-17T00:00:00.000Z,2026-10-08T00:00:00.000Z,"max(persistent shared layout 2026-10-08, page/content date)"
https://aipoch.com/agent-skills/poster-layout-planner,2026-09-17T00:00:00.000Z,2026-10-08T00:00:00.000Z,"max(persistent shared layout 2026-10-08, page/content date)"
https://aipoch.com/agent-skills/personal-statement,2026-09-17T00:00:00.000Z,2026-10-08T00:00:00.000Z,"max(persistent shared layout 2026-10-08, page/content date)"
https://aipoch.com/agent-skills/peer-review-response-drafter,2026-09-17T00:00:00.000Z,2026-10-08T00:00:00.000Z,"max(persistent shared layout 2026-10-08, page/content date)"
https://aipoch.com/agent-skills/peer-review,2026-09-17T00:00:00.000Z,2026-10-08T00:00:00.000Z,"max(persistent shared layout 2026-10-08, page/content date)"
https://aipoch.com/agent-skills/patient-recruitment-ad-gen,2026-09-17T00:00:00.000Z,2026-10-08T00:00:00.000Z,"max(persistent shared layout 2026-10-08, page/content date)"
https://aipoch.com/agent-skills/patent-assistant,2026-09-17T00:00:00.000Z,2026-10-08T00:00:00.000Z,"max(persistent shared layout 2026-10-08, page/content date)"
https://aipoch.com/agent-skills/nih-biosketch-builder,2026-09-17T00:00:00.000Z,2026-10-08T00:00:00.000Z,"max(persistent shared layout 2026-10-08, page/content date)"
https://aipoch.com/agent-skills/networking-email-drafter,2026-09-17T00:00:00.000Z,2026-10-08T00:00:00.000Z,"max(persistent shared layout 2026-10-08, page/content date)"
https://aipoch.com/agent-skills/moa-explainer,2026-09-17T00:00:00.000Z,2026-10-08T00:00:00.000Z,"max(persistent shared layout 2026-10-08, page/content date)"
https://aipoch.com/agent-skills/microbiome-diversity-reporter,2026-09-17T00:00:00.000Z,2026-10-08T00:00:00.000Z,"max(persistent shared layout 2026-10-08, page/content date)"
https://aipoch.com/agent-skills/method-writing,2026-09-17T00:00:00.000Z,2026-10-08T00:00:00.000Z,"max(persistent shared layout 2026-10-08, page/content date)"
https://aipoch.com/agent-skills/meta-results-sensitivity-analysis,2026-09-17T00:00:00.000Z,2026-10-08T00:00:00.000Z,"max(persistent shared layout 2026-10-08, page/content date)"
https://aipoch.com/agent-skills/meta-results-risk-of-bias,2026-09-17T00:00:00.000Z,2026-10-08T00:00:00.000Z,"max(persistent shared layout 2026-10-08, page/content date)"
https://aipoch.com/agent-skills/meta-results-funnel-plot-generator,2026-09-17T00:00:00.000Z,2026-10-08T00:00:00.000Z,"max(persistent shared layout 2026-10-08, page/content date)"
https://aipoch.com/agent-skills/meta-results-forest-plot-analyzer,2026-09-17T00:00:00.000Z,2026-10-08T00:00:00.000Z,"max(persistent shared layout 2026-10-08, page/content date)"
https://aipoch.com/agent-skills/meta-manuscript-generator,2026-09-17T00:00:00.000Z,2026-10-08T00:00:00.000Z,"max(persistent shared layout 2026-10-08, page/content date)"
https://aipoch.com/agent-skills/meta-baseline-generator,2026-09-17T00:00:00.000Z,2026-10-08T00:00:00.000Z,"max(persistent shared layout 2026-10-08, page/content date)"
https://aipoch.com/agent-skills/meeting-minutes,2026-09-17T00:00:00.000Z,2026-10-08T00:00:00.000Z,"max(persistent shared layout 2026-10-08, page/content date)"
https://aipoch.com/agent-skills/medication-adherence-message-gen,2026-09-17T00:00:00.000Z,2026-10-08T00:00:00.000Z,"max(persistent shared layout 2026-10-08, page/content date)"
https://aipoch.com/agent-skills/medical-translation,2026-09-17T00:00:00.000Z,2026-10-08T00:00:00.000Z,"max(persistent shared layout 2026-10-08, page/content date)"
https://aipoch.com/agent-skills/medical-scribe-dictation,2026-09-17T00:00:00.000Z,2026-10-08T00:00:00.000Z,"max(persistent shared layout 2026-10-08, page/content date)"
https://aipoch.com/agent-skills/medical-email-polisher,2026-09-17T00:00:00.000Z,2026-10-08T00:00:00.000Z,"max(persistent shared layout 2026-10-08, page/content date)"
https://aipoch.com/agent-skills/medical-device-mdr-auditor,2026-09-17T00:00:00.000Z,2026-10-08T00:00:00.000Z,"max(persistent shared layout 2026-10-08, page/content date)"
https://aipoch.com/agent-skills/medical-cv-resume-builder,2026-09-17T00:00:00.000Z,2026-10-08T00:00:00.000Z,"max(persistent shared layout 2026-10-08, page/content date)"
https://aipoch.com/agent-skills/market-access-value,2026-09-17T00:00:00.000Z,2026-10-08T00:00:00.000Z,"max(persistent shared layout 2026-10-08, page/content date)"
https://aipoch.com/agent-skills/linkedin-optimizer,2026-09-17T00:00:00.000Z,2026-10-08T00:00:00.000Z,"max(persistent shared layout 2026-10-08, page/content date)"
https://aipoch.com/agent-skills/lay-summary-gen,2026-09-17T00:00:00.000Z,2026-10-08T00:00:00.000Z,"max(persistent shared layout 2026-10-08, page/content date)"
https://aipoch.com/agent-skills/lay-press-release-writer,2026-09-17T00:00:00.000Z,2026-10-08T00:00:00.000Z,"max(persistent shared layout 2026-10-08, page/content date)"
https://aipoch.com/agent-skills/latex-posters,2026-09-17T00:00:00.000Z,2026-10-08T00:00:00.000Z,"max(persistent shared layout 2026-10-08, page/content date)"
https://aipoch.com/agent-skills/labarchive-integration,2026-09-17T00:00:00.000Z,2026-10-08T00:00:00.000Z,"max(persistent shared layout 2026-10-08, page/content date)"
https://aipoch.com/agent-skills/journal-cover-prompter,2026-09-17T00:00:00.000Z,2026-10-08T00:00:00.000Z,"max(persistent shared layout 2026-10-08, page/content date)"
https://aipoch.com/agent-skills/journal-club-presenter,2026-09-17T00:00:00.000Z,2026-10-08T00:00:00.000Z,"max(persistent shared layout 2026-10-08, page/content date)"
https://aipoch.com/agent-skills/irb-application-assistant,2026-09-17T00:00:00.000Z,2026-10-08T00:00:00.000Z,"max(persistent shared layout 2026-10-08, page/content date)"
https://aipoch.com/agent-skills/iacuc-protocol-drafter,2026-09-17T00:00:00.000Z,2026-10-08T00:00:00.000Z,"max(persistent shared layout 2026-10-08, page/content date)"
https://aipoch.com/agent-skills/hipaa-compliance-auditor,2026-09-17T00:00:00.000Z,2026-10-08T00:00:00.000Z,"max(persistent shared layout 2026-10-08, page/content date)"
https://aipoch.com/agent-skills/graph-interpretation,2026-09-17T00:00:00.000Z,2026-10-08T00:00:00.000Z,"max(persistent shared layout 2026-10-08, page/content date)"
https://aipoch.com/agent-skills/grant-mock-reviewer,2026-09-17T00:00:00.000Z,2026-10-08T00:00:00.000Z,"max(persistent shared layout 2026-10-08, page/content date)"
https://aipoch.com/agent-skills/grant-budget-justification,2026-09-17T00:00:00.000Z,2026-10-08T00:00:00.000Z,"max(persistent shared layout 2026-10-08, page/content date)"
https://aipoch.com/agent-skills/figure-reference-checker,2026-09-17T00:00:00.000Z,2026-10-08T00:00:00.000Z,"max(persistent shared layout 2026-10-08, page/content date)"
https://aipoch.com/agent-skills/figure-legend-gen,2026-09-17T00:00:00.000Z,2026-10-08T00:00:00.000Z,"max(persistent shared layout 2026-10-08, page/content date)"
https://aipoch.com/agent-skills/faq-generator,2026-09-17T00:00:00.000Z,2026-10-08T00:00:00.000Z,"max(persistent shared layout 2026-10-08, page/content date)"
https://aipoch.com/agent-skills/ehr-semantic-compressor,2026-09-17T00:00:00.000Z,2026-10-08T00:00:00.000Z,"max(persistent shared layout 2026-10-08, page/content date)"
https://aipoch.com/agent-skills/ectd-xml-compiler,2026-09-17T00:00:00.000Z,2026-10-08T00:00:00.000Z,"max(persistent shared layout 2026-10-08, page/content date)"
https://aipoch.com/agent-skills/discussion-section-architect,2026-09-17T00:00:00.000Z,2026-10-08T00:00:00.000Z,"max(persistent shared layout 2026-10-08, page/content date)"
https://aipoch.com/agent-skills/discharge-summary-writer,2026-09-17T00:00:00.000Z,2026-10-08T00:00:00.000Z,"max(persistent shared layout 2026-10-08, page/content date)"
https://aipoch.com/agent-skills/digital-twin-discharge-drafter,2026-09-17T00:00:00.000Z,2026-10-08T00:00:00.000Z,"max(persistent shared layout 2026-10-08, page/content date)"
https://aipoch.com/agent-skills/dei-statement-drafter,2026-09-17T00:00:00.000Z,2026-10-08T00:00:00.000Z,"max(persistent shared layout 2026-10-08, page/content date)"
https://aipoch.com/agent-skills/cover-letter-generator,2026-09-17T00:00:00.000Z,2026-10-08T00:00:00.000Z,"max(persistent shared layout 2026-10-08, page/content date)"
https://aipoch.com/agent-skills/conference-poster-pitch,2026-09-17T00:00:00.000Z,2026-10-08T00:00:00.000Z,"max(persistent shared layout 2026-10-08, page/content date)"
https://aipoch.com/agent-skills/conference-abstract-adaptor,2026-09-17T00:00:00.000Z,2026-10-08T00:00:00.000Z,"max(persistent shared layout 2026-10-08, page/content date)"
https://aipoch.com/agent-skills/citation-formatter,2026-09-17T00:00:00.000Z,2026-10-08T00:00:00.000Z,"max(persistent shared layout 2026-10-08, page/content date)"
https://aipoch.com/agent-skills/blind-review-sanitizer,2026-09-17T00:00:00.000Z,2026-10-08T00:00:00.000Z,"max(persistent shared layout 2026-10-08, page/content date)"
https://aipoch.com/agent-skills/biotech-pitch-deck-narrative,2026-09-17T00:00:00.000Z,2026-10-08T00:00:00.000Z,"max(persistent shared layout 2026-10-08, page/content date)"
https://aipoch.com/agent-skills/biomed-outline-generator,2026-09-17T00:00:00.000Z,2026-10-08T00:00:00.000Z,"max(persistent shared layout 2026-10-08, page/content date)"
https://aipoch.com/agent-skills/automated-soap-note-generator,2026-09-17T00:00:00.000Z,2026-10-08T00:00:00.000Z,"max(persistent shared layout 2026-10-08, page/content date)"
https://aipoch.com/agent-skills/authorship-credit-gen,2026-09-17T00:00:00.000Z,2026-10-08T00:00:00.000Z,"max(persistent shared layout 2026-10-08, page/content date)"
https://aipoch.com/agent-skills/anki-card-creator,2026-09-17T00:00:00.000Z,2026-10-08T00:00:00.000Z,"max(persistent shared layout 2026-10-08, page/content date)"
https://aipoch.com/agent-skills/anatomy-quiz-master,2026-09-17T00:00:00.000Z,2026-10-08T00:00:00.000Z,"max(persistent shared layout 2026-10-08, page/content date)"
https://aipoch.com/agent-skills/adverse-event-narrative,2026-09-17T00:00:00.000Z,2026-10-08T00:00:00.000Z,"max(persistent shared layout 2026-10-08, page/content date)"
https://aipoch.com/agent-skills/academic-highlight-generator,2026-09-17T00:00:00.000Z,2026-10-08T00:00:00.000Z,"max(persistent shared layout 2026-10-08, page/content date)"
https://aipoch.com/agent-skills/academic-abstract-refiner,2026-09-17T00:00:00.000Z,2026-10-08T00:00:00.000Z,"max(persistent shared layout 2026-10-08, page/content date)"
https://aipoch.com/agent-skills/abstract-trimmer,2026-09-17T00:00:00.000Z,2026-10-08T00:00:00.000Z,"max(persistent shared layout 2026-10-08, page/content date)"
https://aipoch.com/agent-skills/abstract-summarizer,2026-09-17T00:00:00.000Z,2026-10-08T00:00:00.000Z,"max(persistent shared layout 2026-10-08, page/content date)"
https://aipoch.com/agent-skills/word-read-write,2026-09-17T00:00:00.000Z,2026-10-08T00:00:00.000Z,"max(persistent shared layout 2026-10-08, page/content date)"
https://aipoch.com/agent-skills/waste-disposal-guide,2026-09-17T00:00:00.000Z,2026-10-08T00:00:00.000Z,"max(persistent shared layout 2026-10-08, page/content date)"
https://aipoch.com/agent-skills/virtual-patient-roleplay,2026-09-17T00:00:00.000Z,2026-10-08T00:00:00.000Z,"max(persistent shared layout 2026-10-08, page/content date)"
https://aipoch.com/agent-skills/vector-text-fixer,2026-09-17T00:00:00.000Z,2026-10-08T00:00:00.000Z,"max(persistent shared layout 2026-10-08, page/content date)"
https://aipoch.com/agent-skills/uspto-database,2026-09-17T00:00:00.000Z,2026-10-08T00:00:00.000Z,"max(persistent shared layout 2026-10-08, page/content date)"
https://aipoch.com/agent-skills/treatment-plans,2026-09-17T00:00:00.000Z,2026-10-08T00:00:00.000Z,"max(persistent shared layout 2026-10-08, page/content date)"
https://aipoch.com/agent-skills/time-zone-planner,2026-09-17T00:00:00.000Z,2026-10-08T00:00:00.000Z,"max(persistent shared layout 2026-10-08, page/content date)"
https://aipoch.com/agent-skills/text-to-technical-roadmap,2026-09-17T00:00:00.000Z,2026-10-08T00:00:00.000Z,"max(persistent shared layout 2026-10-08, page/content date)"
https://aipoch.com/agent-skills/text-format-organizer,2026-09-17T00:00:00.000Z,2026-10-08T00:00:00.000Z,"max(persistent shared layout 2026-10-08, page/content date)"
https://aipoch.com/agent-skills/task-reminder,2026-09-17T00:00:00.000Z,2026-10-08T00:00:00.000Z,"max(persistent shared layout 2026-10-08, page/content date)"
https://aipoch.com/agent-skills/symptom-checker-triage,2026-09-17T00:00:00.000Z,2026-10-08T00:00:00.000Z,"max(persistent shared layout 2026-10-08, page/content date)"
https://aipoch.com/agent-skills/spreadsheet-ops,2026-09-17T00:00:00.000Z,2026-10-08T00:00:00.000Z,"max(persistent shared layout 2026-10-08, page/content date)"
https://aipoch.com/agent-skills/soft-article-writer,2026-09-17T00:00:00.000Z,2026-10-08T00:00:00.000Z,"max(persistent shared layout 2026-10-08, page/content date)"
https://aipoch.com/agent-skills/slide-deck-images,2026-09-17T00:00:00.000Z,2026-10-08T00:00:00.000Z,"max(persistent shared layout 2026-10-08, page/content date)"
https://aipoch.com/agent-skills/shift-handover-summarizer,2026-09-17T00:00:00.000Z,2026-10-08T00:00:00.000Z,"max(persistent shared layout 2026-10-08, page/content date)"
https://aipoch.com/agent-skills/scientific-schematics,2026-09-17T00:00:00.000Z,2026-10-08T00:00:00.000Z,"max(persistent shared layout 2026-10-08, page/content date)"
https://aipoch.com/agent-skills/sci-paper-reviewer,2026-09-17T00:00:00.000Z,2026-10-08T00:00:00.000Z,"max(persistent shared layout 2026-10-08, page/content date)"
https://aipoch.com/agent-skills/schedule-management,2026-09-17T00:00:00.000Z,2026-10-08T00:00:00.000Z,"max(persistent shared layout 2026-10-08, page/content date)"
https://aipoch.com/agent-skills/result-figure-consistencycheck,2026-09-17T00:00:00.000Z,2026-10-08T00:00:00.000Z,"max(persistent shared layout 2026-10-08, page/content date)"
https://aipoch.com/agent-skills/resubmission-deadline-tracker,2026-09-17T00:00:00.000Z,2026-10-08T00:00:00.000Z,"max(persistent shared layout 2026-10-08, page/content date)"
https://aipoch.com/agent-skills/reproducibility-check,2026-09-17T00:00:00.000Z,2026-10-08T00:00:00.000Z,"max(persistent shared layout 2026-10-08, page/content date)"
https://aipoch.com/agent-skills/reagent-expiry-alert,2026-09-17T00:00:00.000Z,2026-10-08T00:00:00.000Z,"max(persistent shared layout 2026-10-08, page/content date)"
https://aipoch.com/agent-skills/pptx-posters,2026-09-17T00:00:00.000Z,2026-10-08T00:00:00.000Z,"max(persistent shared layout 2026-10-08, page/content date)"
https://aipoch.com/agent-skills/ppt,2026-09-17T00:00:00.000Z,2026-10-08T00:00:00.000Z,"max(persistent shared layout 2026-10-08, page/content date)"
https://aipoch.com/agent-skills/poster-designer,2026-09-17T00:00:00.000Z,2026-10-08T00:00:00.000Z,"max(persistent shared layout 2026-10-08, page/content date)"
https://aipoch.com/agent-skills/postdoc-fellowship-matcher,2026-09-17T00:00:00.000Z,2026-10-08T00:00:00.000Z,"max(persistent shared layout 2026-10-08, page/content date)"
https://aipoch.com/agent-skills/plotly,2026-09-17T00:00:00.000Z,2026-10-08T00:00:00.000Z,"max(persistent shared layout 2026-10-08, page/content date)"
https://aipoch.com/agent-skills/plan-generator,2026-09-17T00:00:00.000Z,2026-10-08T00:00:00.000Z,"max(persistent shared layout 2026-10-08, page/content date)"
https://aipoch.com/agent-skills/pdf-processor,2026-09-17T00:00:00.000Z,2026-10-08T00:00:00.000Z,"max(persistent shared layout 2026-10-08, page/content date)"
https://aipoch.com/agent-skills/pdf-ppt,2026-09-17T00:00:00.000Z,2026-10-08T00:00:00.000Z,"max(persistent shared layout 2026-10-08, page/content date)"
https://aipoch.com/agent-skills/pdf-extract,2026-09-17T00:00:00.000Z,2026-10-08T00:00:00.000Z,"max(persistent shared layout 2026-10-08, page/content date)"
https://aipoch.com/agent-skills/patient-consent-simplifier,2026-09-17T00:00:00.000Z,2026-10-08T00:00:00.000Z,"max(persistent shared layout 2026-10-08, page/content date)"
https://aipoch.com/agent-skills/paper-tweet-generator,2026-09-17T00:00:00.000Z,2026-10-08T00:00:00.000Z,"max(persistent shared layout 2026-10-08, page/content date)"
https://aipoch.com/agent-skills/note-summarizer,2026-09-17T00:00:00.000Z,2026-10-08T00:00:00.000Z,"max(persistent shared layout 2026-10-08, page/content date)"
https://aipoch.com/agent-skills/multi-source-news-writer,2026-09-17T00:00:00.000Z,2026-10-08T00:00:00.000Z,"max(persistent shared layout 2026-10-08, page/content date)"
https://aipoch.com/agent-skills/multi-panel-figure-assembler,2026-09-17T00:00:00.000Z,2026-10-08T00:00:00.000Z,"max(persistent shared layout 2026-10-08, page/content date)"
https://aipoch.com/agent-skills/mindmap-helper,2026-09-17T00:00:00.000Z,2026-10-08T00:00:00.000Z,"max(persistent shared layout 2026-10-08, page/content date)"
https://aipoch.com/agent-skills/mindmap,2026-09-17T00:00:00.000Z,2026-10-08T00:00:00.000Z,"max(persistent shared layout 2026-10-08, page/content date)"
https://aipoch.com/agent-skills/microscopy-scale-bar-adder,2026-09-17T00:00:00.000Z,2026-10-08T00:00:00.000Z,"max(persistent shared layout 2026-10-08, page/content date)"
https://aipoch.com/agent-skills/meta-search-builder,2026-09-17T00:00:00.000Z,2026-10-08T00:00:00.000Z,"max(persistent shared layout 2026-10-08, page/content date)"
https://aipoch.com/agent-skills/meeting-minutes-generator,2026-09-17T00:00:00.000Z,2026-10-08T00:00:00.000Z,"max(persistent shared layout 2026-10-08, page/content date)"
https://aipoch.com/agent-skills/meeting-assistant,2026-09-17T00:00:00.000Z,2026-10-08T00:00:00.000Z,"max(persistent shared layout 2026-10-08, page/content date)"
https://aipoch.com/agent-skills/medication-reconciliation,2026-09-17T00:00:00.000Z,2026-10-08T00:00:00.000Z,"max(persistent shared layout 2026-10-08, page/content date)"
https://aipoch.com/agent-skills/medical-unit-converter,2026-09-17T00:00:00.000Z,2026-10-08T00:00:00.000Z,"max(persistent shared layout 2026-10-08, page/content date)"
https://aipoch.com/agent-skills/medical-case-report-generator,2026-09-17T00:00:00.000Z,2026-10-08T00:00:00.000Z,"max(persistent shared layout 2026-10-08, page/content date)"
https://aipoch.com/agent-skills/medical-case-interpreter,2026-09-17T00:00:00.000Z,2026-10-08T00:00:00.000Z,"max(persistent shared layout 2026-10-08, page/content date)"
https://aipoch.com/agent-skills/markitdown,2026-09-17T00:00:00.000Z,2026-10-08T00:00:00.000Z,"max(persistent shared layout 2026-10-08, page/content date)"
https://aipoch.com/agent-skills/market-research-report-generator,2026-09-17T00:00:00.000Z,2026-10-08T00:00:00.000Z,"max(persistent shared layout 2026-10-08, page/content date)"
https://aipoch.com/agent-skills/literatureimages-interpretation,2026-09-17T00:00:00.000Z,2026-10-08T00:00:00.000Z,"max(persistent shared layout 2026-10-08, page/content date)"
https://aipoch.com/agent-skills/literature-statistics,2026-09-17T00:00:00.000Z,2026-10-08T00:00:00.000Z,"max(persistent shared layout 2026-10-08, page/content date)"
https://aipoch.com/agent-skills/literature-management,2026-09-17T00:00:00.000Z,2026-10-08T00:00:00.000Z,"max(persistent shared layout 2026-10-08, page/content date)"
https://aipoch.com/agent-skills/learning-tutoring,2026-09-17T00:00:00.000Z,2026-10-08T00:00:00.000Z,"max(persistent shared layout 2026-10-08, page/content date)"
https://aipoch.com/agent-skills/lab-result-interpretation,2026-09-17T00:00:00.000Z,2026-10-08T00:00:00.000Z,"max(persistent shared layout 2026-10-08, page/content date)"
https://aipoch.com/agent-skills/lab-inventory-predictor,2026-09-17T00:00:00.000Z,2026-10-08T00:00:00.000Z,"max(persistent shared layout 2026-10-08, page/content date)"
https://aipoch.com/agent-skills/kv-design,2026-09-17T00:00:00.000Z,2026-10-08T00:00:00.000Z,"max(persistent shared layout 2026-10-08, page/content date)"
https://aipoch.com/agent-skills/knowledge-base-search,2026-09-17T00:00:00.000Z,2026-10-08T00:00:00.000Z,"max(persistent shared layout 2026-10-08, page/content date)"
https://aipoch.com/agent-skills/journal-recommender,2026-09-17T00:00:00.000Z,2026-10-08T00:00:00.000Z,"max(persistent shared layout 2026-10-08, page/content date)"
https://aipoch.com/agent-skills/iso-13485-certification,2026-09-17T00:00:00.000Z,2026-10-08T00:00:00.000Z,"max(persistent shared layout 2026-10-08, page/content date)"
https://aipoch.com/agent-skills/imagegenskill,2026-09-17T00:00:00.000Z,2026-10-08T00:00:00.000Z,"max(persistent shared layout 2026-10-08, page/content date)"
https://aipoch.com/agent-skills/image-processing,2026-09-17T00:00:00.000Z,2026-10-08T00:00:00.000Z,"max(persistent shared layout 2026-10-08, page/content date)"
https://aipoch.com/agent-skills/image-ocr,2026-09-17T00:00:00.000Z,2026-10-08T00:00:00.000Z,"max(persistent shared layout 2026-10-08, page/content date)"
https://aipoch.com/agent-skills/id-photo-tool,2026-09-17T00:00:00.000Z,2026-10-08T00:00:00.000Z,"max(persistent shared layout 2026-10-08, page/content date)"
https://aipoch.com/agent-skills/html-to-pdf,2026-09-17T00:00:00.000Z,2026-10-08T00:00:00.000Z,"max(persistent shared layout 2026-10-08, page/content date)"
https://aipoch.com/agent-skills/fulltext-fetcher,2026-09-17T00:00:00.000Z,2026-10-08T00:00:00.000Z,"max(persistent shared layout 2026-10-08, page/content date)"
https://aipoch.com/agent-skills/file-security-toolkit,2026-09-17T00:00:00.000Z,2026-10-08T00:00:00.000Z,"max(persistent shared layout 2026-10-08, page/content date)"
https://aipoch.com/agent-skills/file-search,2026-09-17T00:00:00.000Z,2026-10-08T00:00:00.000Z,"max(persistent shared layout 2026-10-08, page/content date)"
https://aipoch.com/agent-skills/file-management,2026-09-17T00:00:00.000Z,2026-10-08T00:00:00.000Z,"max(persistent shared layout 2026-10-08, page/content date)"
https://aipoch.com/agent-skills/expert-interview-generator,2026-09-17T00:00:00.000Z,2026-10-08T00:00:00.000Z,"max(persistent shared layout 2026-10-08, page/content date)"
https://aipoch.com/agent-skills/experiment-detail-comparator,2026-09-17T00:00:00.000Z,2026-10-08T00:00:00.000Z,"max(persistent shared layout 2026-10-08, page/content date)"
https://aipoch.com/agent-skills/equipment-maintenance-log,2026-09-17T00:00:00.000Z,2026-10-08T00:00:00.000Z,"max(persistent shared layout 2026-10-08, page/content date)"
https://aipoch.com/agent-skills/ebm-calculator,2026-09-17T00:00:00.000Z,2026-10-08T00:00:00.000Z,"max(persistent shared layout 2026-10-08, page/content date)"
https://aipoch.com/agent-skills/dpi-upscaler-checker,2026-09-17T00:00:00.000Z,2026-10-08T00:00:00.000Z,"max(persistent shared layout 2026-10-08, page/content date)"
https://aipoch.com/agent-skills/docx-feedback-tracker,2026-09-17T00:00:00.000Z,2026-10-08T00:00:00.000Z,"max(persistent shared layout 2026-10-08, page/content date)"
https://aipoch.com/agent-skills/dicom-anonymizer,2026-09-17T00:00:00.000Z,2026-10-08T00:00:00.000Z,"max(persistent shared layout 2026-10-08, page/content date)"
https://aipoch.com/agent-skills/date-calculator,2026-09-17T00:00:00.000Z,2026-10-08T00:00:00.000Z,"max(persistent shared layout 2026-10-08, page/content date)"
https://aipoch.com/agent-skills/datamol,2026-09-17T00:00:00.000Z,2026-10-08T00:00:00.000Z,"max(persistent shared layout 2026-10-08, page/content date)"
https://aipoch.com/agent-skills/content-proofreading,2026-09-17T00:00:00.000Z,2026-10-08T00:00:00.000Z,"max(persistent shared layout 2026-10-08, page/content date)"
https://aipoch.com/agent-skills/conflict-of-interest-checker,2026-09-17T00:00:00.000Z,2026-10-08T00:00:00.000Z,"max(persistent shared layout 2026-10-08, page/content date)"
https://aipoch.com/agent-skills/conference-tweet-generator,2026-09-17T00:00:00.000Z,2026-10-08T00:00:00.000Z,"max(persistent shared layout 2026-10-08, page/content date)"
https://aipoch.com/agent-skills/cold-chain-risk-calculator,2026-09-17T00:00:00.000Z,2026-10-08T00:00:00.000Z,"max(persistent shared layout 2026-10-08, page/content date)"
https://aipoch.com/agent-skills/co2-tank-monitor,2026-09-17T00:00:00.000Z,2026-10-08T00:00:00.000Z,"max(persistent shared layout 2026-10-08, page/content date)"
https://aipoch.com/agent-skills/clinical-reports,2026-09-17T00:00:00.000Z,2026-10-08T00:00:00.000Z,"max(persistent shared layout 2026-10-08, page/content date)"
https://aipoch.com/agent-skills/chemical-structure-converter,2026-09-17T00:00:00.000Z,2026-10-08T00:00:00.000Z,"max(persistent shared layout 2026-10-08, page/content date)"
https://aipoch.com/agent-skills/chemical-storage-sorter,2026-09-17T00:00:00.000Z,2026-10-08T00:00:00.000Z,"max(persistent shared layout 2026-10-08, page/content date)"
https://aipoch.com/agent-skills/chart-style-unifier,2026-09-17T00:00:00.000Z,2026-10-08T00:00:00.000Z,"max(persistent shared layout 2026-10-08, page/content date)"
https://aipoch.com/agent-skills/buffer-calculator,2026-09-17T00:00:00.000Z,2026-10-08T00:00:00.000Z,"max(persistent shared layout 2026-10-08, page/content date)"
https://aipoch.com/agent-skills/brainstorming,2026-09-17T00:00:00.000Z,2026-10-08T00:00:00.000Z,"max(persistent shared layout 2026-10-08, page/content date)"
https://aipoch.com/agent-skills/bmi-bsa-calculator,2026-09-17T00:00:00.000Z,2026-10-08T00:00:00.000Z,"max(persistent shared layout 2026-10-08, page/content date)"
https://aipoch.com/agent-skills/biodbnet-api,2026-09-17T00:00:00.000Z,2026-10-08T00:00:00.000Z,"max(persistent shared layout 2026-10-08, page/content date)"
https://aipoch.com/agent-skills/bibliography,2026-09-17T00:00:00.000Z,2026-10-08T00:00:00.000Z,"max(persistent shared layout 2026-10-08, page/content date)"
https://aipoch.com/agent-skills/bib-formatter,2026-09-17T00:00:00.000Z,2026-10-08T00:00:00.000Z,"max(persistent shared layout 2026-10-08, page/content date)"
https://aipoch.com/agent-skills/benchling-integration,2026-09-17T00:00:00.000Z,2026-10-08T00:00:00.000Z,"max(persistent shared layout 2026-10-08, page/content date)"
https://aipoch.com/agent-skills/article-format-adjustment,2026-09-17T00:00:00.000Z,2026-10-08T00:00:00.000Z,"max(persistent shared layout 2026-10-08, page/content date)"
https://aipoch.com/agent-skills/api-design-principles,2026-09-17T00:00:00.000Z,2026-10-08T00:00:00.000Z,"max(persistent shared layout 2026-10-08, page/content date)"
https://aipoch.com/agent-skills/adaptyv,2026-09-17T00:00:00.000Z,2026-10-08T00:00:00.000Z,"max(persistent shared layout 2026-10-08, page/content date)"
https://aipoch.com/agent-skills/academic-poster-generator,2026-09-17T00:00:00.000Z,2026-10-08T00:00:00.000Z,"max(persistent shared layout 2026-10-08, page/content date)"
https://aipoch.com/agent-skills/academic-norm-review,2026-09-17T00:00:00.000Z,2026-10-08T00:00:00.000Z,"max(persistent shared layout 2026-10-08, page/content date)"
https://aipoch.com/agent-skills/academic-cv-generator,2026-09-17T00:00:00.000Z,2026-10-08T00:00:00.000Z,"max(persistent shared layout 2026-10-08, page/content date)"
https://aipoch.com/agent-skills/zinc-database,2026-09-17T00:00:00.000Z,2026-10-08T00:00:00.000Z,"max(persistent shared layout 2026-10-08, page/content date)"
https://aipoch.com/agent-skills/venue-templates,2026-09-17T00:00:00.000Z,2026-10-08T00:00:00.000Z,"max(persistent shared layout 2026-10-08, page/content date)"
https://aipoch.com/agent-skills/variant-annotation,2026-09-17T00:00:00.000Z,2026-10-08T00:00:00.000Z,"max(persistent shared layout 2026-10-08, page/content date)"
https://aipoch.com/agent-skills/unstructured-medical-text-miner,2026-09-17T00:00:00.000Z,2026-10-08T00:00:00.000Z,"max(persistent shared layout 2026-10-08, page/content date)"
https://aipoch.com/agent-skills/uniprot-database,2026-09-17T00:00:00.000Z,2026-10-08T00:00:00.000Z,"max(persistent shared layout 2026-10-08, page/content date)"
https://aipoch.com/agent-skills/translational-gap-analyzer,2026-09-17T00:00:00.000Z,2026-10-08T00:00:00.000Z,"max(persistent shared layout 2026-10-08, page/content date)"
https://aipoch.com/agent-skills/target-novelty-scorer,2026-09-17T00:00:00.000Z,2026-10-08T00:00:00.000Z,"max(persistent shared layout 2026-10-08, page/content date)"
https://aipoch.com/agent-skills/systematic-review-screener,2026-09-17T00:00:00.000Z,2026-10-08T00:00:00.000Z,"max(persistent shared layout 2026-10-08, page/content date)"
https://aipoch.com/agent-skills/string-database,2026-09-17T00:00:00.000Z,2026-10-08T00:00:00.000Z,"max(persistent shared layout 2026-10-08, page/content date)"
https://aipoch.com/agent-skills/smart-journal-monitor,2026-09-17T00:00:00.000Z,2026-10-08T00:00:00.000Z,"max(persistent shared layout 2026-10-08, page/content date)"
https://aipoch.com/agent-skills/semantic-scholar-database,2026-09-17T00:00:00.000Z,2026-10-08T00:00:00.000Z,"max(persistent shared layout 2026-10-08, page/content date)"
https://aipoch.com/agent-skills/sds-msds-risk-scanner,2026-09-17T00:00:00.000Z,2026-10-08T00:00:00.000Z,"max(persistent shared layout 2026-10-08, page/content date)"
https://aipoch.com/agent-skills/scite-database,2026-09-17T00:00:00.000Z,2026-10-08T00:00:00.000Z,"max(persistent shared layout 2026-10-08, page/content date)"
https://aipoch.com/agent-skills/scientific-podcast-summary,2026-09-17T00:00:00.000Z,2026-10-08T00:00:00.000Z,"max(persistent shared layout 2026-10-08, page/content date)"
https://aipoch.com/agent-skills/scholar-evaluation,2026-09-17T00:00:00.000Z,2026-10-08T00:00:00.000Z,"max(persistent shared layout 2026-10-08, page/content date)"
https://aipoch.com/agent-skills/retraction-watcher,2026-09-17T00:00:00.000Z,2026-10-08T00:00:00.000Z,"max(persistent shared layout 2026-10-08, page/content date)"
https://aipoch.com/agent-skills/research-paper-downloader,2026-09-17T00:00:00.000Z,2026-10-08T00:00:00.000Z,"max(persistent shared layout 2026-10-08, page/content date)"
https://aipoch.com/agent-skills/research-hotspot-analysis,2026-09-17T00:00:00.000Z,2026-10-08T00:00:00.000Z,"max(persistent shared layout 2026-10-08, page/content date)"
https://aipoch.com/agent-skills/research-article-weekly,2026-09-17T00:00:00.000Z,2026-10-08T00:00:00.000Z,"max(persistent shared layout 2026-10-08, page/content date)"
https://aipoch.com/agent-skills/reference-search,2026-09-17T00:00:00.000Z,2026-10-08T00:00:00.000Z,"max(persistent shared layout 2026-10-08, page/content date)"
https://aipoch.com/agent-skills/reference-finder,2026-09-17T00:00:00.000Z,2026-10-08T00:00:00.000Z,"max(persistent shared layout 2026-10-08, page/content date)"
https://aipoch.com/agent-skills/reagent-substitute-scout,2026-09-17T00:00:00.000Z,2026-10-08T00:00:00.000Z,"max(persistent shared layout 2026-10-08, page/content date)"
https://aipoch.com/agent-skills/reactome-skill,2026-09-17T00:00:00.000Z,2026-10-08T00:00:00.000Z,"max(persistent shared layout 2026-10-08, page/content date)"
https://aipoch.com/agent-skills/rare-disease-hpo-mapper,2026-09-17T00:00:00.000Z,2026-10-08T00:00:00.000Z,"max(persistent shared layout 2026-10-08, page/content date)"
https://aipoch.com/agent-skills/pytdc,2026-09-17T00:00:00.000Z,2026-10-08T00:00:00.000Z,"max(persistent shared layout 2026-10-08, page/content date)"
https://aipoch.com/agent-skills/pubmed-topic-recommend,2026-09-17T00:00:00.000Z,2026-10-08T00:00:00.000Z,"max(persistent shared layout 2026-10-08, page/content date)"
https://aipoch.com/agent-skills/pubmed-search-specialist,2026-09-17T00:00:00.000Z,2026-10-08T00:00:00.000Z,"max(persistent shared layout 2026-10-08, page/content date)"
https://aipoch.com/agent-skills/pubchem-database-skill,2026-09-17T00:00:00.000Z,2026-10-08T00:00:00.000Z,"max(persistent shared layout 2026-10-08, page/content date)"
https://aipoch.com/agent-skills/pdf-extract-experimental-materials,2026-09-17T00:00:00.000Z,2026-10-08T00:00:00.000Z,"max(persistent shared layout 2026-10-08, page/content date)"
https://aipoch.com/agent-skills/pdb-database,2026-09-17T00:00:00.000Z,2026-10-08T00:00:00.000Z,"max(persistent shared layout 2026-10-08, page/content date)"
https://aipoch.com/agent-skills/pathway-introduction-expert,2026-09-17T00:00:00.000Z,2026-10-08T00:00:00.000Z,"max(persistent shared layout 2026-10-08, page/content date)"
https://aipoch.com/agent-skills/patent-landscape,2026-09-17T00:00:00.000Z,2026-10-08T00:00:00.000Z,"max(persistent shared layout 2026-10-08, page/content date)"
https://aipoch.com/agent-skills/patent-claim-mapper,2026-09-17T00:00:00.000Z,2026-10-08T00:00:00.000Z,"max(persistent shared layout 2026-10-08, page/content date)"
https://aipoch.com/agent-skills/openalex-db,2026-09-17T00:00:00.000Z,2026-10-08T00:00:00.000Z,"max(persistent shared layout 2026-10-08, page/content date)"
https://aipoch.com/agent-skills/open-targets-db,2026-09-17T00:00:00.000Z,2026-10-08T00:00:00.000Z,"max(persistent shared layout 2026-10-08, page/content date)"
https://aipoch.com/agent-skills/open-source-license-check,2026-09-17T00:00:00.000Z,2026-10-08T00:00:00.000Z,"max(persistent shared layout 2026-10-08, page/content date)"
https://aipoch.com/agent-skills/open-access-scout,2026-09-17T00:00:00.000Z,2026-10-08T00:00:00.000Z,"max(persistent shared layout 2026-10-08, page/content date)"
https://aipoch.com/agent-skills/methodology-extractor,2026-09-17T00:00:00.000Z,2026-10-08T00:00:00.000Z,"max(persistent shared layout 2026-10-08, page/content date)"
https://aipoch.com/agent-skills/medchem,2026-09-17T00:00:00.000Z,2026-10-08T00:00:00.000Z,"max(persistent shared layout 2026-10-08, page/content date)"
https://aipoch.com/agent-skills/literature-filtering,2026-09-17T00:00:00.000Z,2026-10-08T00:00:00.000Z,"max(persistent shared layout 2026-10-08, page/content date)"
https://aipoch.com/agent-skills/literature-extensive-read,2026-09-17T00:00:00.000Z,2026-10-08T00:00:00.000Z,"max(persistent shared layout 2026-10-08, page/content date)"
https://aipoch.com/agent-skills/literature-experiment-extract,2026-09-17T00:00:00.000Z,2026-10-08T00:00:00.000Z,"max(persistent shared layout 2026-10-08, page/content date)"
https://aipoch.com/agent-skills/literature-close-read,2026-09-17T00:00:00.000Z,2026-10-08T00:00:00.000Z,"max(persistent shared layout 2026-10-08, page/content date)"
https://aipoch.com/agent-skills/keyword-velocity-tracker,2026-09-17T00:00:00.000Z,2026-10-08T00:00:00.000Z,"max(persistent shared layout 2026-10-08, page/content date)"
https://aipoch.com/agent-skills/key-takeaways,2026-09-17T00:00:00.000Z,2026-10-08T00:00:00.000Z,"max(persistent shared layout 2026-10-08, page/content date)"
https://aipoch.com/agent-skills/kegg-database,2026-09-17T00:00:00.000Z,2026-10-08T00:00:00.000Z,"max(persistent shared layout 2026-10-08, page/content date)"
https://aipoch.com/agent-skills/kegg-api,2026-09-17T00:00:00.000Z,2026-10-08T00:00:00.000Z,"max(persistent shared layout 2026-10-08, page/content date)"
https://aipoch.com/agent-skills/journal-skills,2026-09-17T00:00:00.000Z,2026-10-08T00:00:00.000Z,"max(persistent shared layout 2026-10-08, page/content date)"
https://aipoch.com/agent-skills/journal-matchmaker,2026-09-17T00:00:00.000Z,2026-10-08T00:00:00.000Z,"max(persistent shared layout 2026-10-08, page/content date)"
https://aipoch.com/agent-skills/journal-latest-issue,2026-09-17T00:00:00.000Z,2026-10-08T00:00:00.000Z,"max(persistent shared layout 2026-10-08, page/content date)"
https://aipoch.com/agent-skills/journal-impact-factor-trend,2026-09-17T00:00:00.000Z,2026-10-08T00:00:00.000Z,"max(persistent shared layout 2026-10-08, page/content date)"
https://aipoch.com/agent-skills/jaspar-api,2026-09-17T00:00:00.000Z,2026-10-08T00:00:00.000Z,"max(persistent shared layout 2026-10-08, page/content date)"
https://aipoch.com/agent-skills/ib-summarizer,2026-09-17T00:00:00.000Z,2026-10-08T00:00:00.000Z,"max(persistent shared layout 2026-10-08, page/content date)"
https://aipoch.com/agent-skills/hmdb-database,2026-09-17T00:00:00.000Z,2026-10-08T00:00:00.000Z,"max(persistent shared layout 2026-10-08, page/content date)"
https://aipoch.com/agent-skills/hgnc-api,2026-09-17T00:00:00.000Z,2026-10-08T00:00:00.000Z,"max(persistent shared layout 2026-10-08, page/content date)"
https://aipoch.com/agent-skills/gwas-database,2026-09-17T00:00:00.000Z,2026-10-08T00:00:00.000Z,"max(persistent shared layout 2026-10-08, page/content date)"
https://aipoch.com/agent-skills/grant-gantt-chart-gen,2026-09-17T00:00:00.000Z,2026-10-08T00:00:00.000Z,"max(persistent shared layout 2026-10-08, page/content date)"
https://aipoch.com/agent-skills/grant-funding-scout,2026-09-17T00:00:00.000Z,2026-10-08T00:00:00.000Z,"max(persistent shared layout 2026-10-08, page/content date)"
https://aipoch.com/agent-skills/gget,2026-09-17T00:00:00.000Z,2026-10-08T00:00:00.000Z,"max(persistent shared layout 2026-10-08, page/content date)"
https://aipoch.com/agent-skills/geo-search-api,2026-09-17T00:00:00.000Z,2026-10-08T00:00:00.000Z,"max(persistent shared layout 2026-10-08, page/content date)"
https://aipoch.com/agent-skills/gene-database,2026-09-17T00:00:00.000Z,2026-10-08T00:00:00.000Z,"max(persistent shared layout 2026-10-08, page/content date)"
https://aipoch.com/agent-skills/funding-trend-forecaster,2026-09-17T00:00:00.000Z,2026-10-08T00:00:00.000Z,"max(persistent shared layout 2026-10-08, page/content date)"
https://aipoch.com/agent-skills/fda-guideline-search,2026-09-17T00:00:00.000Z,2026-10-08T00:00:00.000Z,"max(persistent shared layout 2026-10-08, page/content date)"
https://aipoch.com/agent-skills/fda-database,2026-09-17T00:00:00.000Z,2026-10-08T00:00:00.000Z,"max(persistent shared layout 2026-10-08, page/content date)"
https://aipoch.com/agent-skills/ensembl-database,2026-09-17T00:00:00.000Z,2026-10-08T00:00:00.000Z,"max(persistent shared layout 2026-10-08, page/content date)"
https://aipoch.com/agent-skills/encode-api,2026-09-17T00:00:00.000Z,2026-10-08T00:00:00.000Z,"max(persistent shared layout 2026-10-08, page/content date)"
https://aipoch.com/agent-skills/ena-database,2026-09-17T00:00:00.000Z,2026-10-08T00:00:00.000Z,"max(persistent shared layout 2026-10-08, page/content date)"
https://aipoch.com/agent-skills/emerging-topic-scout,2026-09-17T00:00:00.000Z,2026-10-08T00:00:00.000Z,"max(persistent shared layout 2026-10-08, page/content date)"
https://aipoch.com/agent-skills/drugbank-database,2026-09-17T00:00:00.000Z,2026-10-08T00:00:00.000Z,"max(persistent shared layout 2026-10-08, page/content date)"
https://aipoch.com/agent-skills/drug-interaction-checker,2026-09-17T00:00:00.000Z,2026-10-08T00:00:00.000Z,"max(persistent shared layout 2026-10-08, page/content date)"
https://aipoch.com/agent-skills/diffdock-molecular-docking,2026-09-17T00:00:00.000Z,2026-10-08T00:00:00.000Z,"max(persistent shared layout 2026-10-08, page/content date)"
https://aipoch.com/agent-skills/crossref-database,2026-09-17T00:00:00.000Z,2026-10-08T00:00:00.000Z,"max(persistent shared layout 2026-10-08, page/content date)"
https://aipoch.com/agent-skills/cross-disciplinary-bridge-finder,2026-09-17T00:00:00.000Z,2026-10-08T00:00:00.000Z,"max(persistent shared layout 2026-10-08, page/content date)"
https://aipoch.com/agent-skills/cosmic-database,2026-09-17T00:00:00.000Z,2026-10-08T00:00:00.000Z,"max(persistent shared layout 2026-10-08, page/content date)"
https://aipoch.com/agent-skills/concept-explainer,2026-09-17T00:00:00.000Z,2026-10-08T00:00:00.000Z,"max(persistent shared layout 2026-10-08, page/content date)"
https://aipoch.com/agent-skills/competitor-trial-monitor,2026-09-17T00:00:00.000Z,2026-10-08T00:00:00.000Z,"max(persistent shared layout 2026-10-08, page/content date)"
https://aipoch.com/agent-skills/comparison-table-gen,2026-09-17T00:00:00.000Z,2026-10-08T00:00:00.000Z,"max(persistent shared layout 2026-10-08, page/content date)"
https://aipoch.com/agent-skills/clinvar-database,2026-09-17T00:00:00.000Z,2026-10-08T00:00:00.000Z,"max(persistent shared layout 2026-10-08, page/content date)"
https://aipoch.com/agent-skills/clinpgx-database,2026-09-17T00:00:00.000Z,2026-10-08T00:00:00.000Z,"max(persistent shared layout 2026-10-08, page/content date)"
https://aipoch.com/agent-skills/clinicaltrials-gov-parser,2026-09-17T00:00:00.000Z,2026-10-08T00:00:00.000Z,"max(persistent shared layout 2026-10-08, page/content date)"
https://aipoch.com/agent-skills/clinicaltrials-db,2026-09-17T00:00:00.000Z,2026-10-08T00:00:00.000Z,"max(persistent shared layout 2026-10-08, page/content date)"
https://aipoch.com/agent-skills/clinical-study-info-extractor,2026-09-17T00:00:00.000Z,2026-10-08T00:00:00.000Z,"max(persistent shared layout 2026-10-08, page/content date)"
https://aipoch.com/agent-skills/citation-network,2026-09-17T00:00:00.000Z,2026-10-08T00:00:00.000Z,"max(persistent shared layout 2026-10-08, page/content date)"
https://aipoch.com/agent-skills/citation-management,2026-09-17T00:00:00.000Z,2026-10-08T00:00:00.000Z,"max(persistent shared layout 2026-10-08, page/content date)"
https://aipoch.com/agent-skills/citation-chasing-mapping,2026-09-17T00:00:00.000Z,2026-10-08T00:00:00.000Z,"max(persistent shared layout 2026-10-08, page/content date)"
https://aipoch.com/agent-skills/chembl-database,2026-09-17T00:00:00.000Z,2026-10-08T00:00:00.000Z,"max(persistent shared layout 2026-10-08, page/content date)"
https://aipoch.com/agent-skills/chea-api,2026-09-17T00:00:00.000Z,2026-10-08T00:00:00.000Z,"max(persistent shared layout 2026-10-08, page/content date)"
https://aipoch.com/agent-skills/cellxgene-census,2026-09-17T00:00:00.000Z,2026-10-08T00:00:00.000Z,"max(persistent shared layout 2026-10-08, page/content date)"
https://aipoch.com/agent-skills/brenda-database,2026-09-17T00:00:00.000Z,2026-10-08T00:00:00.000Z,"max(persistent shared layout 2026-10-08, page/content date)"
https://aipoch.com/agent-skills/blockbuster-therapy-predictor,2026-09-17T00:00:00.000Z,2026-10-08T00:00:00.000Z,"max(persistent shared layout 2026-10-08, page/content date)"
https://aipoch.com/agent-skills/biorxiv-database,2026-09-17T00:00:00.000Z,2026-10-08T00:00:00.000Z,"max(persistent shared layout 2026-10-08, page/content date)"
https://aipoch.com/agent-skills/biopython-entrez,2026-09-17T00:00:00.000Z,2026-10-08T00:00:00.000Z,"max(persistent shared layout 2026-10-08, page/content date)"
https://aipoch.com/agent-skills/bio-ontology-mapper,2026-09-17T00:00:00.000Z,2026-10-08T00:00:00.000Z,"max(persistent shared layout 2026-10-08, page/content date)"
https://aipoch.com/agent-skills/arxiv-database,2026-09-17T00:00:00.000Z,2026-10-08T00:00:00.000Z,"max(persistent shared layout 2026-10-08, page/content date)"
https://aipoch.com/agent-skills/arboreto,2026-09-17T00:00:00.000Z,2026-10-08T00:00:00.000Z,"max(persistent shared layout 2026-10-08, page/content date)"
https://aipoch.com/agent-skills/alphafold-db,2026-09-17T00:00:00.000Z,2026-10-08T00:00:00.000Z,"max(persistent shared layout 2026-10-08, page/content date)"
https://aipoch.com/agent-skills/acronym-unpacker,2026-09-17T00:00:00.000Z,2026-10-08T00:00:00.000Z,"max(persistent shared layout 2026-10-08, page/content date)"
https://aipoch.com/agent-skills/hippocrates,2026-09-17T00:00:00.000Z,2026-10-08T00:00:00.000Z,"max(persistent shared layout 2026-10-08, page/content date)"
https://aipoch.com/agent-skills/flow-cytometry-gating-strategist,2026-09-17T00:00:00.000Z,2026-10-08T00:00:00.000Z,"max(persistent shared layout 2026-10-08, page/content date)"
https://aipoch.com/agent-skills/dual-disease-transcriptomic-ml-planner,2026-09-17T00:00:00.000Z,2026-10-08T00:00:00.000Z,"max(persistent shared layout 2026-10-08, page/content date)"
https://aipoch.com/agent-skills/two-sample-mr-research-planner,2026-09-17T00:00:00.000Z,2026-10-08T00:00:00.000Z,"max(persistent shared layout 2026-10-08, page/content date)"
https://aipoch.com/agent-skills/protein-struct-viz,2026-09-17T00:00:00.000Z,2026-10-08T00:00:00.000Z,"max(persistent shared layout 2026-10-08, page/content date)"
https://aipoch.com/agent-skills/mentorship-meeting-agenda,2026-09-17T00:00:00.000Z,2026-10-08T00:00:00.000Z,"max(persistent shared layout 2026-10-08, page/content date)"
https://aipoch.com/agent-skills/eln-template-creator,2026-09-17T00:00:00.000Z,2026-10-08T00:00:00.000Z,"max(persistent shared layout 2026-10-08, page/content date)"
https://aipoch.com/agent-skills/dashboard-design-for-trials,2026-09-17T00:00:00.000Z,2026-10-08T00:00:00.000Z,"max(persistent shared layout 2026-10-08, page/content date)"
https://aipoch.com/agent-skills/data-management-plan-creator,2026-09-17T00:00:00.000Z,2026-10-08T00:00:00.000Z,"max(persistent shared layout 2026-10-08, page/content date)"
https://aipoch.com/agent-skills/multi-omics-integration-strategist,2026-09-17T00:00:00.000Z,2026-10-08T00:00:00.000Z,"max(persistent shared layout 2026-10-08, page/content date)"
https://aipoch.com/agent-skills/scientific-brainstorming,2026-09-17T00:00:00.000Z,2026-10-08T00:00:00.000Z,"max(persistent shared layout 2026-10-08, page/content date)"
https://aipoch.com/agent-skills/aeon,2026-09-17T00:00:00.000Z,2026-10-08T00:00:00.000Z,"max(persistent shared layout 2026-10-08, page/content date)"
https://aipoch.com/agent-skills/meta-analysis-forest-plotter,2026-09-17T00:00:00.000Z,2026-10-08T00:00:00.000Z,"max(persistent shared layout 2026-10-08, page/content date)"
https://aipoch.com/agent-skills/arrive-guideline-architect,2026-09-17T00:00:00.000Z,2026-10-08T00:00:00.000Z,"max(persistent shared layout 2026-10-08, page/content date)"
https://aipoch.com/agent-skills/randomization-gen,2026-09-17T00:00:00.000Z,2026-10-08T00:00:00.000Z,"max(persistent shared layout 2026-10-08, page/content date)"
https://aipoch.com/agent-skills/clinicaltrials-database,2026-09-17T00:00:00.000Z,2026-10-08T00:00:00.000Z,"max(persistent shared layout 2026-10-08, page/content date)"
https://aipoch.com/agent-skills/pyopenms,2026-09-17T00:00:00.000Z,2026-10-08T00:00:00.000Z,"max(persistent shared layout 2026-10-08, page/content date)"
https://aipoch.com/agent-skills/in-silico-perturbation-oracle,2026-09-17T00:00:00.000Z,2026-10-08T00:00:00.000Z,"max(persistent shared layout 2026-10-08, page/content date)"
https://aipoch.com/agent-skills/statsmodels,2026-09-17T00:00:00.000Z,2026-10-08T00:00:00.000Z,"max(persistent shared layout 2026-10-08, page/content date)"
https://aipoch.com/agent-skills/literature-review,2026-09-17T00:00:00.000Z,2026-10-08T00:00:00.000Z,"max(persistent shared layout 2026-10-08, page/content date)"
https://aipoch.com/agent-skills/torchdrug,2026-09-17T00:00:00.000Z,2026-10-08T00:00:00.000Z,"max(persistent shared layout 2026-10-08, page/content date)"
https://aipoch.com/agent-skills/table-1-generator-advanced,2026-09-17T00:00:00.000Z,2026-10-08T00:00:00.000Z,"max(persistent shared layout 2026-10-08, page/content date)"
https://aipoch.com/agent-skills/go-kegg-enrichment,2026-09-17T00:00:00.000Z,2026-10-08T00:00:00.000Z,"max(persistent shared layout 2026-10-08, page/content date)"
https://aipoch.com/agent-skills/scientific-visualization,2026-09-17T00:00:00.000Z,2026-10-08T00:00:00.000Z,"max(persistent shared layout 2026-10-08, page/content date)"
https://aipoch.com/agent-skills/pubmed-database,2026-09-17T00:00:00.000Z,2026-10-08T00:00:00.000Z,"max(persistent shared layout 2026-10-08, page/content date)"
https://aipoch.com/agent-skills/scikit-learn,2026-09-17T00:00:00.000Z,2026-10-08T00:00:00.000Z,"max(persistent shared layout 2026-10-08, page/content date)"
https://aipoch.com/agent-skills/pyhealth,2026-09-17T00:00:00.000Z,2026-10-08T00:00:00.000Z,"max(persistent shared layout 2026-10-08, page/content date)"
https://aipoch.com/agent-skills/clinical-decision-support,2026-09-17T00:00:00.000Z,2026-10-08T00:00:00.000Z,"max(persistent shared layout 2026-10-08, page/content date)"
https://aipoch.com/agent-skills/protocolsio-integration,2026-09-17T00:00:00.000Z,2026-10-08T00:00:00.000Z,"max(persistent shared layout 2026-10-08, page/content date)"
https://aipoch.com/agent-skills/protein-docking-configurator,2026-09-17T00:00:00.000Z,2026-10-08T00:00:00.000Z,"max(persistent shared layout 2026-10-08, page/content date)"
https://aipoch.com/agent-skills/crispr-grna-designer,2026-09-17T00:00:00.000Z,2026-10-08T00:00:00.000Z,"max(persistent shared layout 2026-10-08, page/content date)"
https://aipoch.com/agent-skills/single-cell-rnaseq-pipeline,2026-09-17T00:00:00.000Z,2026-10-08T00:00:00.000Z,"max(persistent shared layout 2026-10-08, page/content date)"
https://aipoch.com/agent-skills/exploratory-data-analysis,2026-09-17T00:00:00.000Z,2026-10-08T00:00:00.000Z,"max(persistent shared layout 2026-10-08, page/content date)"
https://aipoch.com/agent-skills/opentargets-database,2026-09-17T00:00:00.000Z,2026-10-08T00:00:00.000Z,"max(persistent shared layout 2026-10-08, page/content date)"
https://aipoch.com/agent-skills/openalex-database,2026-09-17T00:00:00.000Z,2026-10-08T00:00:00.000Z,"max(persistent shared layout 2026-10-08, page/content date)"
https://aipoch.com/agent-skills/molfeat,2026-09-17T00:00:00.000Z,2026-10-08T00:00:00.000Z,"max(persistent shared layout 2026-10-08, page/content date)"
https://aipoch.com/agent-skills/networkx,2026-09-17T00:00:00.000Z,2026-10-08T00:00:00.000Z,"max(persistent shared layout 2026-10-08, page/content date)"
https://aipoch.com/agent-skills/omero-integration,2026-09-17T00:00:00.000Z,2026-10-08T00:00:00.000Z,"max(persistent shared layout 2026-10-08, page/content date)"
https://aipoch.com/agent-skills/perplexity-search,2026-09-17T00:00:00.000Z,2026-10-08T00:00:00.000Z,"max(persistent shared layout 2026-10-08, page/content date)"
https://aipoch.com/agent-skills/mouse-colony-planner,2026-09-17T00:00:00.000Z,2026-10-08T00:00:00.000Z,"max(persistent shared layout 2026-10-08, page/content date)"
https://aipoch.com/agent-skills/rdkit,2026-09-17T00:00:00.000Z,2026-10-08T00:00:00.000Z,"max(persistent shared layout 2026-10-08, page/content date)"
https://aipoch.com/agent-skills/inclusion-criteria-gen,2026-09-17T00:00:00.000Z,2026-10-08T00:00:00.000Z,"max(persistent shared layout 2026-10-08, page/content date)"
https://aipoch.com/agent-skills/pymc,2026-09-17T00:00:00.000Z,2026-10-08T00:00:00.000Z,"max(persistent shared layout 2026-10-08, page/content date)"
https://aipoch.com/agent-skills/scientific-critical-thinking,2026-09-17T00:00:00.000Z,2026-10-08T00:00:00.000Z,"max(persistent shared layout 2026-10-08, page/content date)"
https://aipoch.com/agent-skills/adaptive-trial-simulator,2026-09-17T00:00:00.000Z,2026-10-08T00:00:00.000Z,"max(persistent shared layout 2026-10-08, page/content date)"
https://aipoch.com/agent-skills/pubchem-database,2026-09-17T00:00:00.000Z,2026-10-08T00:00:00.000Z,"max(persistent shared layout 2026-10-08, page/content date)"
https://aipoch.com/agent-skills/matlab,2026-09-17T00:00:00.000Z,2026-10-08T00:00:00.000Z,"max(persistent shared layout 2026-10-08, page/content date)"
https://aipoch.com/agent-skills/deeptools,2026-09-17T00:00:00.000Z,2026-10-08T00:00:00.000Z,"max(persistent shared layout 2026-10-08, page/content date)"
https://aipoch.com/agent-skills/scientific-writing,2026-09-17T00:00:00.000Z,2026-10-08T00:00:00.000Z,"max(persistent shared layout 2026-10-08, page/content date)"
https://aipoch.com/agent-skills/pylabrobot,2026-09-17T00:00:00.000Z,2026-10-08T00:00:00.000Z,"max(persistent shared layout 2026-10-08, page/content date)"
https://aipoch.com/agent-skills/datacommons-client,2026-09-17T00:00:00.000Z,2026-10-08T00:00:00.000Z,"max(persistent shared layout 2026-10-08, page/content date)"
https://aipoch.com/agent-skills/denario,2026-09-17T00:00:00.000Z,2026-10-08T00:00:00.000Z,"max(persistent shared layout 2026-10-08, page/content date)"
https://aipoch.com/agent-skills/latchbio-integration,2026-09-17T00:00:00.000Z,2026-10-08T00:00:00.000Z,"max(persistent shared layout 2026-10-08, page/content date)"
https://aipoch.com/agent-skills/grant-proposal-assistant,2026-09-17T00:00:00.000Z,2026-10-08T00:00:00.000Z,"max(persistent shared layout 2026-10-08, page/content date)"
https://aipoch.com/agent-skills/shap,2026-09-17T00:00:00.000Z,2026-10-08T00:00:00.000Z,"max(persistent shared layout 2026-10-08, page/content date)"
https://aipoch.com/agent-skills/geo-database,2026-09-17T00:00:00.000Z,2026-10-08T00:00:00.000Z,"max(persistent shared layout 2026-10-08, page/content date)"
https://aipoch.com/agent-skills/reactome-database,2026-09-17T00:00:00.000Z,2026-10-08T00:00:00.000Z,"max(persistent shared layout 2026-10-08, page/content date)"
https://aipoch.com/agent-skills/paper-2-web,2026-09-17T00:00:00.000Z,2026-10-08T00:00:00.000Z,"max(persistent shared layout 2026-10-08, page/content date)"
https://aipoch.com/agent-skills/opentrons-integration,2026-09-17T00:00:00.000Z,2026-10-08T00:00:00.000Z,"max(persistent shared layout 2026-10-08, page/content date)"
https://aipoch.com/agent-skills/research-lookup,2026-09-17T00:00:00.000Z,2026-10-08T00:00:00.000Z,"max(persistent shared layout 2026-10-08, page/content date)"
https://aipoch.com/blog/aipoch-open-science-litqa2-fulltext-search,2026-09-30T00:00:00.000Z,2026-10-08T00:00:00.000Z,"max(persistent shared layout 2026-10-08, page/content date)"
https://aipoch.com/blog/per-agent-resource-access-controls-open-science,2026-09-29T00:00:00.000Z,2026-10-08T00:00:00.000Z,"max(persistent shared layout 2026-10-08, page/content date)"
https://aipoch.com/blog/aipoch-open-science-v-0-34-0,2026-09-29T00:00:00.000Z,2026-10-08T00:00:00.000Z,"max(persistent shared layout 2026-10-08, page/content date)"
https://aipoch.com/blog/aipoch-open-science-v-0-33-3,2026-09-29T00:00:00.000Z,2026-10-08T00:00:00.000Z,"max(persistent shared layout 2026-10-08, page/content date)"
https://aipoch.com/blog/literature-screening-open-science,2026-09-28T00:00:00.000Z,2026-10-08T00:00:00.000Z,"max(persistent shared layout 2026-10-08, page/content date)"
https://aipoch.com/blog/aipoch-open-science-research-packages,2026-09-23T00:00:00.000Z,2026-10-08T00:00:00.000Z,"max(persistent shared layout 2026-10-08, page/content date)"
https://aipoch.com/blog/jev-open-science,2026-09-29T00:00:00.000Z,2026-10-08T00:00:00.000Z,"max(persistent shared layout 2026-10-08, page/content date)"
https://aipoch.com/blog/open-science-0-31-1,2026-09-20T00:00:00.000Z,2026-10-08T00:00:00.000Z,"max(persistent shared layout 2026-10-08, page/content date)"
https://aipoch.com/blog/open-science-0-31-0,2026-09-20T00:00:00.000Z,2026-10-08T00:00:00.000Z,"max(persistent shared layout 2026-10-08, page/content date)"
https://aipoch.com/blog/openai-prism-vs-aipoch-open-science,2026-09-29T00:00:00.000Z,2026-10-08T00:00:00.000Z,"max(persistent shared layout 2026-10-08, page/content date)"
https://aipoch.com/blog/open-science-v-0-30-2,2026-09-18T00:00:00.000Z,2026-10-08T00:00:00.000Z,"max(persistent shared layout 2026-10-08, page/content date)"
https://aipoch.com/blog/extract-figures-tables-from-pdf,2026-09-18T00:00:00.000Z,2026-10-08T00:00:00.000Z,"max(persistent shared layout 2026-10-08, page/content date)"
https://aipoch.com/blog/how-aipoch-open-science-memory-work,2026-09-18T00:00:00.000Z,2026-10-08T00:00:00.000Z,"max(persistent shared layout 2026-10-08, page/content date)"
https://aipoch.com/blog/open-science-v-0-30-0,2026-09-18T00:00:00.000Z,2026-10-08T00:00:00.000Z,"max(persistent shared layout 2026-10-08, page/content date)"
https://aipoch.com/blog/aipoch-open-science-v-0-29-0,2026-09-18T00:00:00.000Z,2026-10-08T00:00:00.000Z,"max(persistent shared layout 2026-10-08, page/content date)"
https://aipoch.com/blog/claude-science-alternative,2026-09-30T00:00:00.000Z,2026-10-08T00:00:00.000Z,"max(persistent shared layout 2026-10-08, page/content date)"
https://aipoch.com/blog/what-is-open-science,2026-09-18T00:00:00.000Z,2026-10-08T00:00:00.000Z,"max(persistent shared layout 2026-10-08, page/content date)"
https://aipoch.com/blog/aipoch-open-science-v-0-28-0,2026-09-18T00:00:00.000Z,2026-10-08T00:00:00.000Z,"max(persistent shared layout 2026-10-08, page/content date)"
https://aipoch.com/blog/claude-for-life-sciences-and-open-science,2026-09-29T00:00:00.000Z,2026-10-08T00:00:00.000Z,"max(persistent shared layout 2026-10-08, page/content date)"
https://aipoch.com/blog/aipoch-open-science-v-0-27-0,2026-09-18T00:00:00.000Z,2026-10-08T00:00:00.000Z,"max(persistent shared layout 2026-10-08, page/content date)"
https://aipoch.com/blog/claude-science-vs-aipoch-open-science,2026-09-29T00:00:00.000Z,2026-10-08T00:00:00.000Z,"max(persistent shared layout 2026-10-08, page/content date)"
https://aipoch.com/blog/open-science-0-26-0,2026-09-18T00:00:00.000Z,2026-10-08T00:00:00.000Z,"max(persistent shared layout 2026-10-08, page/content date)"
https://aipoch.com/blog/open-science-0-25-1,2026-09-18T00:00:00.000Z,2026-10-08T00:00:00.000Z,"max(persistent shared layout 2026-10-08, page/content date)"
https://aipoch.com/blog/open-science-0-25-0,2026-09-18T00:00:00.000Z,2026-10-08T00:00:00.000Z,"max(persistent shared layout 2026-10-08, page/content date)"
https://aipoch.com/blog/open-science-pdf-reading-context-evidence,2026-09-18T00:00:00.000Z,2026-10-08T00:00:00.000Z,"max(persistent shared layout 2026-10-08, page/content date)"
https://aipoch.com/blog/open-science-0-24-0,2026-09-18T00:00:00.000Z,2026-10-08T00:00:00.000Z,"max(persistent shared layout 2026-10-08, page/content date)"
https://aipoch.com/blog/open-science-biomnibench-da,2026-09-29T00:00:00.000Z,2026-10-08T00:00:00.000Z,"max(persistent shared layout 2026-10-08, page/content date)"
https://aipoch.com/blog/open-science-0-23-0,2026-09-18T00:00:00.000Z,2026-10-08T00:00:00.000Z,"max(persistent shared layout 2026-10-08, page/content date)"
https://aipoch.com/blog/open-science-v-0-21-0,2026-09-18T00:00:00.000Z,2026-10-08T00:00:00.000Z,"max(persistent shared layout 2026-10-08, page/content date)"
https://aipoch.com/blog/open-science-session-references,2026-09-18T00:00:00.000Z,2026-10-08T00:00:00.000Z,"max(persistent shared layout 2026-10-08, page/content date)"
https://aipoch.com/blog/open-science-v-0-20-2,2026-09-18T00:00:00.000Z,2026-10-08T00:00:00.000Z,"max(persistent shared layout 2026-10-08, page/content date)"
https://aipoch.com/blog/open-science-stale-notebook-output-tracking,2026-09-18T00:00:00.000Z,2026-10-08T00:00:00.000Z,"max(persistent shared layout 2026-10-08, page/content date)"
https://aipoch.com/blog/open-science-v-0-20-1,2026-09-18T00:00:00.000Z,2026-10-08T00:00:00.000Z,"max(persistent shared layout 2026-10-08, page/content date)"
https://aipoch.com/blog/open-science-v0-20-0,2026-09-18T00:00:00.000Z,2026-10-08T00:00:00.000Z,"max(persistent shared layout 2026-10-08, page/content date)"
https://aipoch.com/blog/open-science-v0-19-0,2026-09-18T00:00:00.000Z,2026-10-08T00:00:00.000Z,"max(persistent shared layout 2026-10-08, page/content date)"
https://aipoch.com/blog/ai-agent-vs-mcp-server,2026-09-18T00:00:00.000Z,2026-10-08T00:00:00.000Z,"max(persistent shared layout 2026-10-08, page/content date)"
https://aipoch.com/blog/open-science-remote-ssh-compute,2026-09-29T00:00:00.000Z,2026-10-08T00:00:00.000Z,"max(persistent shared layout 2026-10-08, page/content date)"
https://aipoch.com/blog/open-science-v-0-18-2,2026-09-18T00:00:00.000Z,2026-10-08T00:00:00.000Z,"max(persistent shared layout 2026-10-08, page/content date)"
https://aipoch.com/blog/open-science-specialist-ai-agent,2026-09-29T00:00:00.000Z,2026-10-08T00:00:00.000Z,"max(persistent shared layout 2026-10-08, page/content date)"
https://aipoch.com/blog/open-science-v-0-18-1,2026-09-18T00:00:00.000Z,2026-10-08T00:00:00.000Z,"max(persistent shared layout 2026-10-08, page/content date)"
https://aipoch.com/blog/model-agnostic-open-science,2026-09-18T00:00:00.000Z,2026-10-08T00:00:00.000Z,"max(persistent shared layout 2026-10-08, page/content date)"
https://aipoch.com/blog/open-science-v-0-18-0,2026-09-18T00:00:00.000Z,2026-10-08T00:00:00.000Z,"max(persistent shared layout 2026-10-08, page/content date)"
https://aipoch.com/blog/message-branches-new-sessions-side-conversations,2026-09-18T00:00:00.000Z,2026-10-08T00:00:00.000Z,"max(persistent shared layout 2026-10-08, page/content date)"
https://aipoch.com/blog/open-science-v-0-17-0,2026-09-18T00:00:00.000Z,2026-10-08T00:00:00.000Z,"max(persistent shared layout 2026-10-08, page/content date)"
https://aipoch.com/blog/deepseek-harness-scientific-agents,2026-09-18T00:00:00.000Z,2026-10-08T00:00:00.000Z,"max(persistent shared layout 2026-10-08, page/content date)"
https://aipoch.com/blog/open-science-v-0-16-0,2026-09-18T00:00:00.000Z,2026-10-08T00:00:00.000Z,"max(persistent shared layout 2026-10-08, page/content date)"
https://aipoch.com/blog/organize-project-in-open-science,2026-09-18T00:00:00.000Z,2026-10-08T00:00:00.000Z,"max(persistent shared layout 2026-10-08, page/content date)"
https://aipoch.com/blog/open-science-skills-connectors-extend-agent,2026-09-18T00:00:00.000Z,2026-10-08T00:00:00.000Z,"max(persistent shared layout 2026-10-08, page/content date)"
https://aipoch.com/blog/open-science-v-0-14-1,2026-09-18T00:00:00.000Z,2026-10-08T00:00:00.000Z,"max(persistent shared layout 2026-10-08, page/content date)"
https://aipoch.com/blog/open-science-reviewer,2026-09-18T00:00:00.000Z,2026-10-08T00:00:00.000Z,"max(persistent shared layout 2026-10-08, page/content date)"
https://aipoch.com/blog/open-science-v-0-14-0,2026-09-18T00:00:00.000Z,2026-10-08T00:00:00.000Z,"max(persistent shared layout 2026-10-08, page/content date)"
https://aipoch.com/blog/open-science-runs-python-r,2026-09-18T00:00:00.000Z,2026-10-08T00:00:00.000Z,"max(persistent shared layout 2026-10-08, page/content date)"
https://aipoch.com/blog/open-science-v-0-13-1,2026-09-18T00:00:00.000Z,2026-10-08T00:00:00.000Z,"max(persistent shared layout 2026-10-08, page/content date)"
https://aipoch.com/blog/open-science-v0-13-0,2026-09-18T00:00:00.000Z,2026-10-08T00:00:00.000Z,"max(persistent shared layout 2026-10-08, page/content date)"
https://aipoch.com/blog/agent-permissions,2026-09-29T00:00:00.000Z,2026-10-08T00:00:00.000Z,"max(persistent shared layout 2026-10-08, page/content date)"
https://aipoch.com/blog/open-science-data-flow,2026-09-29T00:00:00.000Z,2026-10-08T00:00:00.000Z,"max(persistent shared layout 2026-10-08, page/content date)"
https://aipoch.com/blog/open-science-v0-12-1,2026-09-18T00:00:00.000Z,2026-10-08T00:00:00.000Z,"max(persistent shared layout 2026-10-08, page/content date)"
https://aipoch.com/blog/open-science-artifact-version-provenance,2026-09-18T00:00:00.000Z,2026-10-08T00:00:00.000Z,"max(persistent shared layout 2026-10-08, page/content date)"
https://aipoch.com/blog/open-science-plan-execute-artifact,2026-09-18T00:00:00.000Z,2026-10-08T00:00:00.000Z,"max(persistent shared layout 2026-10-08, page/content date)"
https://aipoch.com/blog/open-science-v0-11-0,2026-09-18T00:00:00.000Z,2026-10-08T00:00:00.000Z,"max(persistent shared layout 2026-10-08, page/content date)"
https://aipoch.com/blog/open-science-v0-10-1,2026-09-18T00:00:00.000Z,2026-10-08T00:00:00.000Z,"max(persistent shared layout 2026-10-08, page/content date)"
https://aipoch.com/blog/open-science-v0-10-0,2026-09-18T00:00:00.000Z,2026-10-08T00:00:00.000Z,"max(persistent shared layout 2026-10-08, page/content date)"
https://aipoch.com/blog/scientific-agent-verification,2026-09-18T00:00:00.000Z,2026-10-08T00:00:00.000Z,"max(persistent shared layout 2026-10-08, page/content date)"
https://aipoch.com/blog/open-science-v-0-9-2,2026-09-18T00:00:00.000Z,2026-10-08T00:00:00.000Z,"max(persistent shared layout 2026-10-08, page/content date)"
https://aipoch.com/blog/open-science-0-8-1,2026-09-18T00:00:00.000Z,2026-10-08T00:00:00.000Z,"max(persistent shared layout 2026-10-08, page/content date)"
https://aipoch.com/blog/open-science-v0-8-0,2026-09-18T00:00:00.000Z,2026-10-08T00:00:00.000Z,"max(persistent shared layout 2026-10-08, page/content date)"
https://aipoch.com/blog/open-science-v0-7-3,2026-09-18T00:00:00.000Z,2026-10-08T00:00:00.000Z,"max(persistent shared layout 2026-10-08, page/content date)"
https://aipoch.com/blog/open-science-ai-reviewer,2026-09-18T00:00:00.000Z,2026-10-08T00:00:00.000Z,"max(persistent shared layout 2026-10-08, page/content date)"
https://aipoch.com/blog/model-agnostic-research-infrastructure,2026-09-18T00:00:00.000Z,2026-10-08T00:00:00.000Z,"max(persistent shared layout 2026-10-08, page/content date)"
https://aipoch.com/blog/open-science-v-0-7-2-release,2026-09-18T00:00:00.000Z,2026-10-08T00:00:00.000Z,"max(persistent shared layout 2026-10-08, page/content date)"
https://aipoch.com/blog/open-science-v-0-6-1-release,2026-09-18T00:00:00.000Z,2026-10-08T00:00:00.000Z,"max(persistent shared layout 2026-10-08, page/content date)"
https://aipoch.com/blog/kimi-k3-scientific-workbench-test,2026-09-18T00:00:00.000Z,2026-10-08T00:00:00.000Z,"max(persistent shared layout 2026-10-08, page/content date)"
https://aipoch.com/blog/kimi-k3-test,2026-09-18T00:00:00.000Z,2026-10-08T00:00:00.000Z,"max(persistent shared layout 2026-10-08, page/content date)"
https://aipoch.com/blog/gpt-sol-test,2026-09-18T00:00:00.000Z,2026-10-08T00:00:00.000Z,"max(persistent shared layout 2026-10-08, page/content date)"
https://aipoch.com/blog/open-science-first-three-steps,2026-09-18T00:00:00.000Z,2026-10-08T00:00:00.000Z,"max(persistent shared layout 2026-10-08, page/content date)"
https://aipoch.com/blog/claude-science-reproducibility,2026-09-18T00:00:00.000Z,2026-10-08T00:00:00.000Z,"max(persistent shared layout 2026-10-08, page/content date)"
https://aipoch.com/blog/claude-science-review-bioinformatics-paper-reproduction,2026-09-30T00:00:00.000Z,2026-10-08T00:00:00.000Z,"max(persistent shared layout 2026-10-08, page/content date)"
https://aipoch.com/blog/ai-research-workflow-infrastructure,2026-09-18T00:00:00.000Z,2026-10-08T00:00:00.000Z,"max(persistent shared layout 2026-10-08, page/content date)"
https://aipoch.com/blog/ai-workbenches-claude-science,2026-09-18T00:00:00.000Z,2026-10-08T00:00:00.000Z,"max(persistent shared layout 2026-10-08, page/content date)"
https://aipoch.com/blog/how-to-evaluates-medical-research-agent-skills,2026-09-18T00:00:00.000Z,2026-10-08T00:00:00.000Z,"max(persistent shared layout 2026-10-08, page/content date)"
https://aipoch.com/blog/medical-research-data-analysis-deserves-higher-standard,2026-09-18T00:00:00.000Z,2026-10-08T00:00:00.000Z,"max(persistent shared layout 2026-10-08, page/content date)"
https://aipoch.com/blog/prognostic-nomogram-ai,2026-09-18T00:00:00.000Z,2026-10-08T00:00:00.000Z,"max(persistent shared layout 2026-10-08, page/content date)"
https://aipoch.com/blog/detect-population-gaps-biomedical-research,2026-09-18T00:00:00.000Z,2026-10-08T00:00:00.000Z,"max(persistent shared layout 2026-10-08, page/content date)"
https://aipoch.com/blog/decision-curve-analysis-ai,2026-09-18T00:00:00.000Z,2026-10-08T00:00:00.000Z,"max(persistent shared layout 2026-10-08, page/content date)"
https://aipoch.com/blog/identify-methodological-gaps-in-research,2026-09-18T00:00:00.000Z,2026-10-08T00:00:00.000Z,"max(persistent shared layout 2026-10-08, page/content date)"
https://aipoch.com/blog/claude-fable-5-day-one,2026-09-18T00:00:00.000Z,2026-10-08T00:00:00.000Z,"max(persistent shared layout 2026-10-08, page/content date)"
https://aipoch.com/blog/gsva-pathway-enrichment-analysis-ai,2026-09-18T00:00:00.000Z,2026-10-08T00:00:00.000Z,"max(persistent shared layout 2026-10-08, page/content date)"
https://aipoch.com/blog/design-mendelian-randomization-study,2026-09-18T00:00:00.000Z,2026-10-08T00:00:00.000Z,"max(persistent shared layout 2026-10-08, page/content date)"
https://aipoch.com/blog/translational-study-blueprint-ai,2026-09-18T00:00:00.000Z,2026-10-08T00:00:00.000Z,"max(persistent shared layout 2026-10-08, page/content date)"
https://aipoch.com/blog/estimate-immune-score-ai,2026-09-18T00:00:00.000Z,2026-10-08T00:00:00.000Z,"max(persistent shared layout 2026-10-08, page/content date)"
https://aipoch.com/blog/model-calibration-curves,2026-09-18T00:00:00.000Z,2026-10-08T00:00:00.000Z,"max(persistent shared layout 2026-10-08, page/content date)"
https://aipoch.com/blog/ssgsea-immune-infiltration-analysis-ai,2026-09-18T00:00:00.000Z,2026-10-08T00:00:00.000Z,"max(persistent shared layout 2026-10-08, page/content date)"
https://aipoch.com/blog/ai-immune-pathway-analysis,2026-09-18T00:00:00.000Z,2026-10-08T00:00:00.000Z,"max(persistent shared layout 2026-10-08, page/content date)"
https://aipoch.com/blog/find-medical-research-gap,2026-09-18T00:00:00.000Z,2026-10-08T00:00:00.000Z,"max(persistent shared layout 2026-10-08, page/content date)"
https://aipoch.com/blog/arxiv-preflight,2026-09-18T00:00:00.000Z,2026-10-08T00:00:00.000Z,"max(persistent shared layout 2026-10-08, page/content date)"
https://aipoch.com/blog/fastqc-report-tnterpretation,2026-09-18T00:00:00.000Z,2026-10-08T00:00:00.000Z,"max(persistent shared layout 2026-10-08, page/content date)"
https://aipoch.com/blog/what-is-hermes-agent,2026-09-18T00:00:00.000Z,2026-10-08T00:00:00.000Z,"max(persistent shared layout 2026-10-08, page/content date)"
https://aipoch.com/blog/biomarker-landscape-map,2026-09-18T00:00:00.000Z,2026-10-08T00:00:00.000Z,"max(persistent shared layout 2026-10-08, page/content date)"
https://aipoch.com/blog/clinical-question-ai,2026-09-18T00:00:00.000Z,2026-10-08T00:00:00.000Z,"max(persistent shared layout 2026-10-08, page/content date)"
https://aipoch.com/blog/cibersort-immune-infiltration-analysis,2026-09-18T00:00:00.000Z,2026-10-08T00:00:00.000Z,"max(persistent shared layout 2026-10-08, page/content date)"
https://aipoch.com/blog/differential-expression-analysis-ai,2026-09-18T00:00:00.000Z,2026-10-08T00:00:00.000Z,"max(persistent shared layout 2026-10-08, page/content date)"
https://aipoch.com/blog/ai-pubmed-search,2026-09-18T00:00:00.000Z,2026-10-08T00:00:00.000Z,"max(persistent shared layout 2026-10-08, page/content date)"
https://aipoch.com/blog/identify-study-design-with-ai,2026-09-18T00:00:00.000Z,2026-10-08T00:00:00.000Z,"max(persistent shared layout 2026-10-08, page/content date)"
https://aipoch.com/blog/design-single-cell-research-plan,2026-09-18T00:00:00.000Z,2026-10-08T00:00:00.000Z,"max(persistent shared layout 2026-10-08, page/content date)"
https://aipoch.com/blog/cover-letter-drafter,2026-09-18T00:00:00.000Z,2026-10-08T00:00:00.000Z,"max(persistent shared layout 2026-10-08, page/content date)"
https://aipoch.com/blog/medical-research-gap-finder-comparison,2026-09-18T00:00:00.000Z,2026-10-08T00:00:00.000Z,"max(persistent shared layout 2026-10-08, page/content date)"
https://aipoch.com/blog/literature-search-agent-skills-comparison-medskillaudit,2026-09-18T00:00:00.000Z,2026-10-08T00:00:00.000Z,"max(persistent shared layout 2026-10-08, page/content date)"
https://aipoch.com/blog/methods-analysis-agent-skills-comparison,2026-09-18T00:00:00.000Z,2026-10-08T00:00:00.000Z,"max(persistent shared layout 2026-10-08, page/content date)"
https://aipoch.com/blog/disease-mechanism-agent-skill-comparison,2026-09-18T00:00:00.000Z,2026-10-08T00:00:00.000Z,"max(persistent shared layout 2026-10-08, page/content date)"
https://aipoch.com/blog/peer-review-agent-skill-comparison,2026-09-18T00:00:00.000Z,2026-10-08T00:00:00.000Z,"max(persistent shared layout 2026-10-08, page/content date)"
https://aipoch.com/blog/how-to-generate-forest-plot,2026-09-18T00:00:00.000Z,2026-10-08T00:00:00.000Z,"max(persistent shared layout 2026-10-08, page/content date)"
https://aipoch.com/blog/agent-skills-guides,2026-09-18T00:00:00.000Z,2026-10-08T00:00:00.000Z,"max(persistent shared layout 2026-10-08, page/content date)"
https://aipoch.com/blog/blind-review-sanitizer,2026-09-18T00:00:00.000Z,2026-10-08T00:00:00.000Z,"max(persistent shared layout 2026-10-08, page/content date)"
https://aipoch.com/guides/openclaw-local-deployment,2026-09-17T00:00:00.000Z,2026-10-08T00:00:00.000Z,"max(persistent shared layout 2026-10-08, page/content date)"
https://aipoch.com/guides/openclaw-cloud-deployment,2026-09-17T00:00:00.000Z,2026-10-08T00:00:00.000Z,"max(persistent shared layout 2026-10-08, page/content date)"
https://aipoch.com/guides/what-is-a-skill,2026-09-17T00:00:00.000Z,2026-10-08T00:00:00.000Z,"max(persistent shared layout 2026-10-08, page/content date)"
https://aipoch.com/guides/get-started-with-skills,2026-09-17T00:00:00.000Z,2026-10-08T00:00:00.000Z,"max(persistent shared layout 2026-10-08, page/content date)"
https://aipoch.com/guides/build-your-own-skill,2026-09-17T00:00:00.000Z,2026-10-08T00:00:00.000Z,"max(persistent shared layout 2026-10-08, page/content date)"
https://aipoch.com/docs/,,,Wiki (unchanged)
https://aipoch.com/docs/changelog/v0-25-1/,2026-09-07T00:00:00.000Z,2026-09-07T00:00:00.000Z,Wiki (unchanged)
https://aipoch.com/docs/changelog/v0-26-0/,2026-09-10T00:00:00.000Z,2026-09-10T00:00:00.000Z,Wiki (unchanged)
https://aipoch.com/docs/changelog/v0-27-0/,2026-09-10T00:00:00.000Z,2026-09-10T00:00:00.000Z,Wiki (unchanged)
https://aipoch.com/docs/changelog/v0-28-0/,2026-09-14T00:00:00.000Z,2026-09-14T00:00:00.000Z,Wiki (unchanged)
https://aipoch.com/docs/changelog/v0-29-0/,2026-09-14T00:00:00.000Z,2026-09-14T00:00:00.000Z,Wiki (unchanged)
https://aipoch.com/docs/changelog/v0-30-0/,2026-09-15T00:00:00.000Z,2026-09-15T00:00:00.000Z,Wiki (unchanged)
https://aipoch.com/docs/changelog/v0-30-1/,2026-09-16T00:00:00.000Z,2026-09-16T00:00:00.000Z,Wiki (unchanged)
https://aipoch.com/docs/changelog/v0-30-2/,2026-09-17T00:00:00.000Z,2026-09-17T00:00:00.000Z,Wiki (unchanged)
https://aipoch.com/docs/changelog/v0-31-0/,2026-09-20T00:00:00.000Z,2026-09-20T00:00:00.000Z,Wiki (unchanged)
https://aipoch.com/docs/changelog/v0-31-1/,2026-09-20T00:00:00.000Z,2026-09-20T00:00:00.000Z,Wiki (unchanged)
https://aipoch.com/docs/changelog/v0-32-0/,2026-09-22T00:00:00.000Z,2026-09-22T00:00:00.000Z,Wiki (unchanged)
https://aipoch.com/docs/changelog/v0-33-0/,2026-09-24T00:00:00.000Z,2026-09-24T00:00:00.000Z,Wiki (unchanged)
https://aipoch.com/docs/changelog/v0-33-1/,2026-09-24T00:00:00.000Z,2026-09-24T00:00:00.000Z,Wiki (unchanged)
https://aipoch.com/docs/changelog/v0-33-2/,2026-09-24T00:00:00.000Z,2026-09-24T00:00:00.000Z,Wiki (unchanged)
https://aipoch.com/docs/changelog/v0-33-3/,2026-09-26T00:00:00.000Z,2026-09-26T00:00:00.000Z,Wiki (unchanged)
https://aipoch.com/docs/changelog/v0-34-0/,2026-09-29T00:00:00.000Z,2026-09-29T00:00:00.000Z,Wiki (unchanged)
https://aipoch.com/docs/guides/appearance/,2026-09-29T00:00:00.000Z,2026-09-29T00:00:00.000Z,Wiki (unchanged)
https://aipoch.com/docs/guides/approval-modes/,2026-09-28T00:00:00.000Z,2026-09-28T00:00:00.000Z,Wiki (unchanged)
https://aipoch.com/docs/guides/bookmarks/,2026-09-22T00:00:00.000Z,2026-09-22T00:00:00.000Z,Wiki (unchanged)
https://aipoch.com/docs/guides/capabilities/,2026-09-14T00:00:00.000Z,2026-09-14T00:00:00.000Z,Wiki (unchanged)
https://aipoch.com/docs/guides/composer/,2026-09-16T00:00:00.000Z,2026-09-16T00:00:00.000Z,Wiki (unchanged)
https://aipoch.com/docs/guides/connectors/,2026-09-24T00:00:00.000Z,2026-09-24T00:00:00.000Z,Wiki (unchanged)
https://aipoch.com/docs/guides/delegation/,2026-09-22T00:00:00.000Z,2026-09-22T00:00:00.000Z,Wiki (unchanged)
https://aipoch.com/docs/guides/files/,2026-09-14T00:00:00.000Z,2026-09-14T00:00:00.000Z,Wiki (unchanged)
https://aipoch.com/docs/guides/first-project/,2026-09-10T00:00:00.000Z,2026-09-10T00:00:00.000Z,Wiki (unchanged)
https://aipoch.com/docs/guides/frameworks/,2026-09-29T00:00:00.000Z,2026-09-29T00:00:00.000Z,Wiki (unchanged)
https://aipoch.com/docs/guides/installation/,2026-09-29T00:00:00.000Z,2026-09-29T00:00:00.000Z,Wiki (unchanged)
https://aipoch.com/docs/guides/journal-datasets/,2026-09-29T00:00:00.000Z,2026-09-29T00:00:00.000Z,Wiki (unchanged)
https://aipoch.com/docs/guides/library/,2026-09-29T00:00:00.000Z,2026-09-29T00:00:00.000Z,Wiki (unchanged)
https://aipoch.com/docs/guides/memory/,2026-09-10T00:00:00.000Z,2026-09-10T00:00:00.000Z,Wiki (unchanged)
https://aipoch.com/docs/guides/models/,2026-09-24T00:00:00.000Z,2026-09-24T00:00:00.000Z,Wiki (unchanged)
https://aipoch.com/docs/guides/navigation/,2026-09-29T00:00:00.000Z,2026-09-29T00:00:00.000Z,Wiki (unchanged)
https://aipoch.com/docs/guides/network/,2026-09-20T00:00:00.000Z,2026-09-20T00:00:00.000Z,Wiki (unchanged)
https://aipoch.com/docs/guides/notebook/,2026-09-14T00:00:00.000Z,2026-09-14T00:00:00.000Z,Wiki (unchanged)
https://aipoch.com/docs/guides/onboarding/,2026-09-14T00:00:00.000Z,2026-09-14T00:00:00.000Z,Wiki (unchanged)
https://aipoch.com/docs/guides/pdf-notes/,2026-09-22T00:00:00.000Z,2026-09-22T00:00:00.000Z,Wiki (unchanged)
https://aipoch.com/docs/guides/planning/,2026-09-20T00:00:00.000Z,2026-09-20T00:00:00.000Z,Wiki (unchanged)
https://aipoch.com/docs/guides/previews/,2026-09-28T00:00:00.000Z,2026-09-28T00:00:00.000Z,Wiki (unchanged)
https://aipoch.com/docs/guides/projects/,2026-09-14T00:00:00.000Z,2026-09-14T00:00:00.000Z,Wiki (unchanged)
https://aipoch.com/docs/guides/providers/,2026-09-29T00:00:00.000Z,2026-09-29T00:00:00.000Z,Wiki (unchanged)
https://aipoch.com/docs/guides/remote-access/,2026-09-20T00:00:00.000Z,2026-09-20T00:00:00.000Z,Wiki (unchanged)
https://aipoch.com/docs/guides/remote-compute/,2026-09-10T00:00:00.000Z,2026-09-10T00:00:00.000Z,Wiki (unchanged)
https://aipoch.com/docs/guides/reproducibility/,2026-09-17T00:00:00.000Z,2026-09-17T00:00:00.000Z,Wiki (unchanged)
https://aipoch.com/docs/guides/research-packages/,2026-09-28T00:00:00.000Z,2026-09-28T00:00:00.000Z,Wiki (unchanged)
https://aipoch.com/docs/guides/runtimes/,2026-09-20T00:00:00.000Z,2026-09-20T00:00:00.000Z,Wiki (unchanged)
https://aipoch.com/docs/guides/sessions/,2026-09-24T00:00:00.000Z,2026-09-24T00:00:00.000Z,Wiki (unchanged)
https://aipoch.com/docs/guides/shortcuts/,2026-09-28T00:00:00.000Z,2026-09-28T00:00:00.000Z,Wiki (unchanged)
https://aipoch.com/docs/guides/storage/,2026-09-24T00:00:00.000Z,2026-09-24T00:00:00.000Z,Wiki (unchanged)
https://aipoch.com/docs/guides/tags/,2026-09-16T00:00:00.000Z,2026-09-16T00:00:00.000Z,Wiki (unchanged)
https://aipoch.com/docs/guides/troubleshooting/,2026-09-29T00:00:00.000Z,2026-09-29T00:00:00.000Z,Wiki (unchanged)
https://aipoch.com/docs/guides/usage/,2026-09-09T00:00:00.000Z,2026-09-09T00:00:00.000Z,Wiki (unchanged)
https://aipoch.com/docs/intro/,2026-09-20T00:00:00.000Z,2026-09-20T00:00:00.000Z,Wiki (unchanged)
https://aipoch.com/docs/reference/,2026-09-16T00:00:00.000Z,2026-09-16T00:00:00.000Z,Wiki (unchanged)
https://aipoch.com/docs/reference/api/,2026-09-22T00:00:00.000Z,2026-09-22T00:00:00.000Z,Wiki (unchanged)
https://aipoch.com/docs/reference/cli/,2026-09-24T00:00:00.000Z,2026-09-24T00:00:00.000Z,Wiki (unchanged)
https://aipoch.com/docs/reference/configuration/,2026-09-10T00:00:00.000Z,2026-09-10T00:00:00.000Z,Wiki (unchanged)
https://aipoch.com/docs/reference/connector-operations/,2026-09-29T00:00:00.000Z,2026-09-29T00:00:00.000Z,Wiki (unchanged)
https://aipoch.com/docs/reference/control-index/,2026-09-24T00:00:00.000Z,2026-09-24T00:00:00.000Z,Wiki (unchanged)
https://aipoch.com/docs/reference/controls/,2026-09-24T00:00:00.000Z,2026-09-24T00:00:00.000Z,Wiki (unchanged)
https://aipoch.com/docs/reference/diagnostics/,2026-09-24T00:00:00.000Z,2026-09-24T00:00:00.000Z,Wiki (unchanged)
https://aipoch.com/docs/reference/example-data/,2026-09-10T00:00:00.000Z,2026-09-10T00:00:00.000Z,Wiki (unchanged)
https://aipoch.com/docs/reference/formats/,2026-09-10T00:00:00.000Z,2026-09-10T00:00:00.000Z,Wiki (unchanged)
https://aipoch.com/docs/reference/packages/,2026-09-08T00:00:00.000Z,2026-09-08T00:00:00.000Z,Wiki (unchanged)
https://aipoch.com/docs/reference/permissions/,2026-09-28T00:00:00.000Z,2026-09-28T00:00:00.000Z,Wiki (unchanged)
https://aipoch.com/docs/reference/server/,2026-09-14T00:00:00.000Z,2026-09-14T00:00:00.000Z,Wiki (unchanged)
https://aipoch.com/docs/settings/overview/,2026-09-24T00:00:00.000Z,2026-09-24T00:00:00.000Z,Wiki (unchanged)
https://aipoch.com/docs/skills/create/,2026-09-15T00:00:00.000Z,2026-09-15T00:00:00.000Z,Wiki (unchanged)
https://aipoch.com/docs/skills/directory/,2026-09-24T00:00:00.000Z,2026-09-24T00:00:00.000Z,Wiki (unchanged)
https://aipoch.com/docs/skills/manage/,2026-09-15T00:00:00.000Z,2026-09-15T00:00:00.000Z,Wiki (unchanged)
https://aipoch.com/docs/skills/marketplace/,2026-09-16T00:00:00.000Z,2026-09-16T00:00:00.000Z,Wiki (unchanged)
https://aipoch.com/docs/skills/overview/,2026-09-24T00:00:00.000Z,2026-09-24T00:00:00.000Z,Wiki (unchanged)
https://aipoch.com/docs/skills/recipes/,2026-09-10T00:00:00.000Z,2026-09-10T00:00:00.000Z,Wiki (unchanged)
https://aipoch.com/docs/specialists/capabilities/,2026-09-24T00:00:00.000Z,2026-09-24T00:00:00.000Z,Wiki (unchanged)
https://aipoch.com/docs/specialists/delegate/,2026-09-11T00:00:00.000Z,2026-09-11T00:00:00.000Z,Wiki (unchanged)
https://aipoch.com/docs/specialists/identity/,2026-09-09T00:00:00.000Z,2026-09-09T00:00:00.000Z,Wiki (unchanged)
https://aipoch.com/docs/specialists/manage/,2026-09-15T00:00:00.000Z,2026-09-15T00:00:00.000Z,Wiki (unchanged)
https://aipoch.com/docs/specialists/overview/,2026-09-09T00:00:00.000Z,2026-09-09T00:00:00.000Z,Wiki (unchanged)
https://aipoch.com/docs/specialists/reviewer/,2026-09-17T00:00:00.000Z,2026-09-17T00:00:00.000Z,Wiki (unchanged)
https://aipoch.com/docs/tools/built-in/,2026-09-10T00:00:00.000Z,2026-09-10T00:00:00.000Z,Wiki (unchanged)
https://aipoch.com/docs/tools/catalog/,2026-09-14T00:00:00.000Z,2026-09-14T00:00:00.000Z,Wiki (unchanged)
https://aipoch.com/docs/tools/credentials/,2026-09-24T00:00:00.000Z,2026-09-24T00:00:00.000Z,Wiki (unchanged)
https://aipoch.com/docs/tools/custom/,2026-09-14T00:00:00.000Z,2026-09-14T00:00:00.000Z,Wiki (unchanged)
https://aipoch.com/docs/tools/databases/,2026-09-29T00:00:00.000Z,2026-09-29T00:00:00.000Z,Wiki (unchanged)
https://aipoch.com/docs/tools/mcp/,2026-09-10T00:00:00.000Z,2026-09-10T00:00:00.000Z,Wiki (unchanged)
https://aipoch.com/docs/tools/overview/,2026-09-09T00:00:00.000Z,2026-09-09T00:00:00.000Z,Wiki (unchanged)
https://aipoch.com/docs/tools/scientific/,2026-09-10T00:00:00.000Z,2026-09-10T00:00:00.000Z,Wiki (unchanged)
https://aipoch.com/docs/tools/tables/,2026-09-14T00:00:00.000Z,2026-09-14T00:00:00.000Z,Wiki (unchanged)
https://aipoch.com/docs/tools/viewers/,2026-09-10T00:00:00.000Z,2026-09-10T00:00:00.000Z,Wiki (unchanged)
https://aipoch.com/docs/workflows/compare-methods/,2026-09-16T00:00:00.000Z,2026-09-16T00:00:00.000Z,Wiki (unchanged)
https://aipoch.com/docs/workflows/core-reading-list/,2026-09-16T00:00:00.000Z,2026-09-16T00:00:00.000Z,Wiki (unchanged)
https://aipoch.com/docs/workflows/cross-check-records/,2026-09-16T00:00:00.000Z,2026-09-16T00:00:00.000Z,Wiki (unchanged)
https://aipoch.com/docs/workflows/data-quality/,2026-09-16T00:00:00.000Z,2026-09-16T00:00:00.000Z,Wiki (unchanged)
https://aipoch.com/docs/workflows/database-records/,2026-09-16T00:00:00.000Z,2026-09-16T00:00:00.000Z,Wiki (unchanged)
https://aipoch.com/docs/workflows/extend-analysis/,2026-09-17T00:00:00.000Z,2026-09-17T00:00:00.000Z,Wiki (unchanged)
https://aipoch.com/docs/workflows/figures/,2026-09-16T00:00:00.000Z,2026-09-16T00:00:00.000Z,Wiki (unchanged)
https://aipoch.com/docs/workflows/focused-literature-search/,2026-09-16T00:00:00.000Z,2026-09-16T00:00:00.000Z,Wiki (unchanged)
https://aipoch.com/docs/workflows/gene-set-enrichment/,2026-09-28T00:00:00.000Z,2026-09-28T00:00:00.000Z,Wiki (unchanged)
https://aipoch.com/docs/workflows/inherit-literature/,2026-09-16T00:00:00.000Z,2026-09-16T00:00:00.000Z,Wiki (unchanged)
https://aipoch.com/docs/workflows/inspect-pathway/,2026-09-29T00:00:00.000Z,2026-09-29T00:00:00.000Z,Wiki (unchanged)
https://aipoch.com/docs/workflows/journal-club/,2026-09-16T00:00:00.000Z,2026-09-16T00:00:00.000Z,Wiki (unchanged)
https://aipoch.com/docs/workflows/literature-review/,2026-09-17T00:00:00.000Z,2026-09-17T00:00:00.000Z,Wiki (unchanged)
https://aipoch.com/docs/workflows/merge-literature-searches/,2026-09-16T00:00:00.000Z,2026-09-16T00:00:00.000Z,Wiki (unchanged)
https://aipoch.com/docs/workflows/multiple-sequence-alignment/,2026-09-24T00:00:00.000Z,2026-09-24T00:00:00.000Z,Wiki (unchanged)
https://aipoch.com/docs/workflows/pdf-evidence/,2026-09-16T00:00:00.000Z,2026-09-16T00:00:00.000Z,Wiki (unchanged)
https://aipoch.com/docs/workflows/protein-sequence-search/,2026-09-22T00:00:00.000Z,2026-09-22T00:00:00.000Z,Wiki (unchanged)
https://aipoch.com/docs/workflows/public-omics-data/,2026-09-22T00:00:00.000Z,2026-09-22T00:00:00.000Z,Wiki (unchanged)
https://aipoch.com/docs/workflows/reference-genome-check/,2026-09-22T00:00:00.000Z,2026-09-22T00:00:00.000Z,Wiki (unchanged)
https://aipoch.com/docs/workflows/rerun-updated-data/,2026-09-16T00:00:00.000Z,2026-09-16T00:00:00.000Z,Wiki (unchanged)
https://aipoch.com/docs/workflows/revise-report/,2026-09-16T00:00:00.000Z,2026-09-16T00:00:00.000Z,Wiki (unchanged)
https://aipoch.com/docs/workflows/screen-literature/,2026-09-28T00:00:00.000Z,2026-09-28T00:00:00.000Z,Wiki (unchanged)
https://aipoch.com/docs/workflows/statistics/,2026-09-16T00:00:00.000Z,2026-09-16T00:00:00.000Z,Wiki (unchanged)
https://aipoch.com/docs/workflows/update-literature/,2026-09-16T00:00:00.000Z,2026-09-16T00:00:00.000Z,Wiki (unchanged)
